# ;;;;;;
# ;;;;;;
# s_m; x_m; y_m; psi_rad; kappa_radpm; vx_mps; ax_mps2
0;34;-14;-0.61184067217814;-0.0228061955422163;5;0
0.100000001490116;36.0856770542438;-14.8628833353742;-0.614033646268714;-0.0210623349994421;5;0
0.200000002980232;38.1681643001235;-15.7283088266616;-0.616052574796546;-0.0193174686282873;5;0
0.300000011920929;40.2477262721478;-16.5960655428747;-0.617896980924478;-0.0175717826932669;5;0
0.400000005960465;42.3246268823032;-17.4659422966176;-0.619566387815347;-0.0158254336565733;5;0
0.5;44.3991319037578;-18.3377286750843;-0.621061272306314;-0.0140785593539476;5;0
0.600000023841858;46.4715055644415;-19.2112136151494;-0.622381634397378;-0.0123312715440989;5;0
0.699999988079071;48.5420127148066;-20.0861863100961;-0.623526997251382;-0.0105836633592844;5;0
0.800000011920929;50.6109169432339;-20.9624354546947;-0.624497837705484;-0.00883581396192312;5;0
0.899999976158142;52.6784849643366;-21.8397510143153;-0.625293678922525;-0.00708778481930494;5;0
1;54.744978519362;-22.717920897337;-0.625914997739663;-0.00533962575718761;5;0
1.10000002384186;56.8106655679673;-23.5967355819472;-0.626361317319741;-0.00359137798659503;5;0
1.20000004768372;58.8758065791119;-24.4759824865946;-0.626633114499917;-0.00184307468589395;5;0
1.29999995231628;60.9406707643085;-25.3554525965621;-0.626729912443032;-9.47441949392669E-05;5;0
1.39999997615814;63.0055186333812;-26.2349332959682;-0.626652187986245;0.00165358767844737;5;0
1.5;65.0706180983121;-27.1142151030523;-0.626399464292398;0.00340189528651535;5;0
1.60000002384186;67.1362321590138;-27.9930864275674;-0.625971741361489;0.00515015050768852;5;0
1.70000004768372;69.2026263191097;-28.8713366934576;-0.625369496030679;0.00689832074567676;5;0
1.79999995231628;71.2700659732491;-29.7487554162147;-0.624592728299966;0.00864636711776257;5;0
1.89999997615814;73.3388116721218;-30.6251299456267;-0.623640961332193;0.0103942388668656;5;0
2;75.4091338450413;-31.5002518026807;-0.622514195127359;0.0121418759226799;5;0
2.09999990463257;77.481292960967;-32.3739084058255;-0.621212906522622;0.0138892019167542;5;0
2.20000004768372;79.5555520334331;-33.2458881533707;-0.619737095517984;0.0156361274421215;5;0
2.29999995231628;81.6321814645102;-34.1159825891902;-0.618086285276284;0.017382537946105;5;0
2.40000009536743;83.7114417776443;-34.983979085959;-0.616260952634683;0.0191283039748669;5;0
2.5;85.7935984219717;-35.8496671133951;-0.614261097593179;0.0208732672035694;5;0
2.59999990463257;87.8789168738722;-36.7128361183294;-0.612086720151773;0.0226172469556332;5;0
2.70000004768372;89.9676625824823;-37.57327557048;-0.609737812383968;0.0243600308895111;5;0
2.79999995231628;92.0600960712481;-38.4307728425218;-0.607214570120845;0.0261013805866241;5;0
2.90000009536743;94.1564877422399;-39.2851194783287;-0.60451706273568;0.0278410166501999;5;0
3;96.2570981189033;-40.1361028505759;-0.601645414792869;0.0295786336064339;5;0
3.09999990463257;98.3621926776187;-40.9835124060942;-0.598599772975716;0.031313881278038;5;0
3.20000004768372;100.472036840279;-41.8271376374886;-0.59538030631927;0.0330463759601116;5;0
3.29999995231628;102.58689113033;-42.666765917434;-0.591987214126561;0.03477568551898;5;0
3.40000009536743;104.707030984506;-43.5021907952997;-0.588420723640296;0.0365013405680656;5;0
3.5;106.832706884168;-44.3331956098832;-0.584681096562121;0.0382228195667267;5;0
3.59999990463257;108.964194293294;-45.1595738876668;-0.580768630915258;0.0399395637214184;5;0
3.70000004768372;111.101753694466;-45.9811130356559;-0.576683661975834;0.0416509546339512;5;0
3.79999995231628;113.245650536819;-46.7976025235685;-0.572426567860815;0.043356329202652;5;0
3.90000009536743;115.396145330177;-47.6088297355229;-0.567997778841231;0.0450549684464931;5;0
4;117.553508517477;-48.4145861810628;-0.563397768028948;0.0467461012303829;5;0
4.09999990463257;119.725992980801;-49.2052264732663;-0.537661987432215;0.468180954456329;5;0
4.19999980926514;121.953801293155;-49.9333658329825;-0.469528424628947;0.895022630691528;5;0
4.30000019073486;124.278825017307;-50.5475506856743;-0.375576215871546;0.891874969005585;5;0
4.40000009536743;126.693261393452;-51.0384989978022;-0.291928502806399;0.779985606670379;5;0
4.5;129.166410702049;-51.416413577544;-0.216792318114016;0.751243054866791;5;0
4.59999990463257;131.677925369206;-51.6832743933682;-0.140130314120028;0.780612170696259;5;0
4.69999980926514;134.216350601151;-51.8339897475134;-0.060752335079882;0.79601377248764;5;0
4.80000019073486;136.768318088083;-51.8656366169274;0.0184448928749825;0.786971569061279;5;0
4.90000009536743;139.317099174622;-51.7789130480096;0.0970635981476571;0.783874154090881;5;0
5;141.846111171311;-51.574905737311;0.175496456137922;0.783477365970612;5;0
5.09999990463257;144.33990446846;-51.2549216854306;0.25410484980705;0.787517845630646;5;0
5.19999980926514;146.783267809701;-50.8205415193492;0.332831618300703;0.784786641597748;5;0
5.30000019073486;149.161191296721;-50.2745982995194;0.411422726622846;0.785857796669006;5;0
5.40000009536743;151.45879397656;-49.6204153260249;0.490126606932905;0.784760594367981;5;0
5.5;153.661942365153;-48.8621220218748;0.568683979026106;0.785207271575928;5;0
5.59999990463257;155.756998057873;-48.0043671579867;0.647410509101179;0.785435259342194;5;0
5.69999980926514;157.731022908705;-47.0524208270948;0.725976225844648;0.784703433513641;5;0
5.80000019073486;159.571859454415;-46.0122315814714;0.804681536666181;0.786221563816071;5;0
5.90000009536743;161.268018666857;-44.8901466276701;0.883273598662641;0.784438967704773;5;0
6;162.809184924331;-43.693198402501;0.961931464186933;0.787267923355103;5;0
6.09999990463257;164.185594152013;-42.4286792613694;1.04057454775932;0.784411489963532;5;0
6.19999980926514;165.389024887547;-41.1045060267995;1.11917626570823;0.786441445350647;5;0
6.30000019073486;166.411761161729;-39.7287818981154;1.19787311267021;0.784622132778168;5;0
6.40000009536743;167.2477138314;-38.3100640342014;1.27644324015739;0.785604298114777;5;0
6.5;167.89154005931;-36.8571056588161;1.35516798209312;0.785067856311798;5;0
6.59999990463257;168.339349318831;-35.3788739902229;1.43372356604698;0.784862399101257;5;0
6.69999980926514;168.588424984487;-33.8845097871175;1.51243149947288;0.785678327083588;5;0
6.80000019073486;168.637089376382;-32.3832412014026;1.59101855467918;0.784885823726654;5;0
6.90000009536743;168.485137066626;-30.8844312764733;1.66976105879905;0.787242531776428;5;0
7;168.133287560961;-29.3973394165214;1.74834835242393;0.78332781791687;5;0
7.09999990463257;167.584284089154;-27.9308841626174;1.82677232932213;0.7838254570961;5;0
7.19999980926514;166.84135597521;-26.4940620283804;1.90540516089561;0.787454426288605;5;0
7.30000019073486;165.908433673528;-25.0964901168671;1.98468839835289;0.797297894954681;5;0
7.40000009536743;164.790148453829;-23.7476332388614;2.06401812743309;0.77873295545578;5;0
7.5;163.496209181726;-22.4535510196542;2.14040648650291;0.747581481933594;5;0
7.59999990463257;162.038822907006;-21.2186907263548;2.21549522589805;0.785287499427795;5;0
7.69999980926514;160.420703530839;-20.0559360912316;2.30006158064964;0.905052065849304;5;0
7.80000019073486;158.635077777855;-18.9866272348531;2.39491188239219;0.87908285856247;5;0
7.90000009536743;156.702805069387;-18.009052518118;2.46008717726829;0.425216764211655;5;0
8;154.696430402331;-17.0784103762997;2.48020112227562;-0.0226277858018875;5;0
8.10000038146973;152.694017451062;-16.1452568400634;2.45553481291893;-0.471101403236389;5;0
8.19999980926514;150.773636363154;-15.1601549721286;2.38576852988365;-0.924790799617767;5;0
8.30000019073486;149.005168949322;-14.0805155758178;2.29093038748863;-0.892250955104828;5;0
8.39999961853027;147.403666028553;-12.909481803508;2.20755970191124;-0.77400803565979;5;0
8.5;145.962443007772;-11.6682818646086;2.13279044341209;-0.750659942626953;5;0
8.60000038146973;144.685760603445;-10.368450151456;2.05609214018944;-0.781962931156158;5;0
8.69999980926514;143.585971334079;-9.01429301961582;1.97659432601097;-0.796018362045288;5;0
8.80000019073486;142.672141958173;-7.61229105427633;1.89740431021812;-0.786807417869568;5;0
8.89999961853027;141.948731882825;-6.17203474063363;1.81880652617576;-0.783573091030121;5;0
9;141.419596368995;-4.70307964974868;1.74038660239342;-0.783525466918945;5;0
9.10000038146973;141.087927394524;-3.2143850836996;1.66175782393577;-0.78788036108017;5;0
9.19999980926514;140.956347151236;-1.7149026803998;1.5830427379525;-0.784735560417175;5;0
9.30000019073486;141.025365455642;-0.213905889910201;1.50444495391014;-0.786040484905243;5;0
9.39999961853027;141.294721095665;1.2792390261623;1.42574798773887;-0.784661710262299;5;0
9.5;141.762556593577;2.7553212164752;1.3471879930413;-0.785359799861908;5;0
9.60000038146973;142.426101533852;4.2052046144221;1.26846098612907;-0.785281002521515;5;0
9.69999980926514;143.281257705105;5.6199595202161;1.18989824961784;-0.784797370433807;5;0
9.80000019073486;144.322648400746;6.9908291971112;1.11118602465751;-0.786013662815094;5;0
9.89999961853027;145.543989499028;8.3093171490918;1.03260230731132;-0.784479081630707;5;0
10;146.93752668235;9.567331606202;0.953930851928022;-0.787006616592407;5;0
10.1000003814697;148.494883601743;10.7570064441761;0.875301596633222;-0.784396648406982;5;0
10.1999998092651;150.206200316557;11.8710997080515;0.79668903063896;-0.786673903465271;5;0
10.3000001907349;152.061109910299;12.9026044544954;0.718002197257307;-0.784553527832031;5;0
10.3999996185303;154.047974079957;13.8452600648232;0.639426466933515;-0.785784780979157;5;0
10.5;156.154610711969;14.6931346886518;0.560705301276472;-0.784940481185913;5;0
10.6000003814697;158.367977217381;15.4410700137379;0.482150074950483;-0.784981489181519;5;0
10.6999998092651;160.67439560071;16.0844401248604;0.403438565245893;-0.785516560077667;5;0
10.8000001907349;163.059644117943;16.6192097993653;0.324854967108991;-0.784980475902557;5;0
10.8999996185303;165.508802911716;17.0420854045982;0.246101734153059;-0.786939859390259;5;0
11;168.006856633429;17.3503540024221;0.167533692828443;-0.783246099948883;5;0
11.1000003814697;170.538595976299;17.5425176593489;0.0891059012329842;-0.783968567848205;5;0
11.1999998092651;173.08851483772;17.6172967364314;0.0104541749871041;-0.787802755832672;5;0
11.3000001907349;175.63983807912;17.5735675641384;-0.0688781170928214;-0.797960698604584;5;0
11.3999996185303;178.175964020923;17.410763707009;-0.148106816300127;-0.777120292186737;5;0
11.5;180.684106140704;17.1323967009678;-0.224341037758562;-0.746051549911499;5;0
11.6000003814697;183.152845987413;16.7435887748259;-0.299644085653994;-0.790992140769959;5;0
11.6999998092651;185.559849428461;16.2407908386818;-0.38481304336426;-0.911498844623566;5;0
11.8000001907349;187.873406960819;15.6130078937758;-0.47944736767647;-0.856148719787598;5;0
11.8999996185303;190.092150390407;14.8749400391729;-0.542327101417754;-0.402309983968735;5;0
12;192.263936302036;14.0829023460177;-0.560166268684838;0.0452576205134392;5;0
12.1000003814697;194.441019097721;13.2969605502574;-0.533221880980704;0.494078099727631;5;0
12.1999998092651;196.675685054678;12.5771759905257;-0.4611611543977;0.947547256946563;5;0
12.3000001907349;199.010490278144;11.9754108736515;-0.366550165303919;0.885898530483246;5;0
12.3999996185303;201.432583844466;11.4966439855195;-0.283772620447848;0.768433809280396;5;0
12.5;203.910521264257;11.1300593165415;-0.209108862169955;0.752208173274994;5;0
12.6000003814697;206.425216410681;10.8746992132914;-0.132254633196566;0.783579647541046;5;0
12.6999998092651;208.96563241555;10.7359565869943;-0.0526896147811149;0.795401751995087;5;0
12.8000001907349;211.518051142893;10.7163732855405;0.0264559955513741;0.786508798599243;5;0
12.8999996185303;214.065588933817;10.8150711656709;0.105037447921064;0.783463895320892;5;0
13;216.591726653593;11.0309171615157;0.183457073680189;0.783641397953033;5;0
13.1000003814697;219.081084698185;11.3625882626993;0.262108621112135;0.788158595561981;5;0
13.1999998092651;221.518483610869;11.8084432659856;0.340807017794874;0.784680008888245;5;0
13.3000001907349;223.888925917932;12.3655348476385;0.41941213320854;0.786240816116333;5;0
13.3999996185303;226.177576414689;13.0304908493832;0.498101231566694;0.784580111503601;5;0
13.5;228.370369705749;13.7990894073893;0.576665398589399;0.785524427890778;5;0
13.6000003814697;230.453705484327;14.6666638758276;0.655391213408735;0.785138189792633;5;0
13.6999998092651;232.414762252397;15.6278426347792;0.733952161780622;0.784903883934021;5;0
13.8000001907349;234.241416656288;16.6766434364578;0.812669751158979;0.78581839799881;5;0
13.8999996185303;235.922301306353;17.8066591499;0.891246315947797;0.784531831741333;5;0
14;237.447169301142;19.0108028383545;0.969929811469343;0.786757588386536;5;0
14.1000003814697;238.80638829513;20.2817431692616;1.04854643057945;0.784394443035126;5;0
14.1999998092651;239.99181302164;21.6115275702742;1.12717127513054;0.786918640136719;5;0
14.3000001907349;240.995844049683;22.9920135731779;1.2058465452111;0.784497559070587;5;0
14.3999996185303;241.81252745256;24.4146079714501;1.28442918967369;0.78597766160965;5;0
14.5;242.43659061662;25.87054171465;1.36314522933128;0.784825563430786;5;0
14.6000003814697;242.864354688273;27.3508258866403;1.4417012901223;0.785112977027893;5;0
14.6999998092651;243.093129937062;28.8463173826803;1.5204149455941;0.785367727279663;5;0
14.8000001907349;243.121436908618;30.3477675260161;1.5989962787545;0.785088121891022;5;0
14.8999996185303;242.949126951134;31.8457986195924;1.67775833319786;0.786648154258728;5;0
15;242.57711731543;33.3312051513682;1.75630819510582;0.783175826072693;5;0
15.1000003814697;242.008272760001;34.795070914158;1.83474099349144;0.784053087234497;5;0
15.1999998092651;241.245881368737;36.2283489969397;1.91341268729332;0.788167536258697;5;0
15.3000001907349;240.293899488828;37.6213941684391;1.99279534529808;0.798638761043548;5;0
15.3999996185303;239.157240829089;38.9648916005798;2.07191168974998;0.775509595870972;5;0
15.5;237.846166207599;40.2531830056822;2.14799248885277;0.744528114795685;5;0
15.6000003814697;236.372637069761;41.4815773772584;2.22354614447716;0.796739637851715;5;0
15.6999998092651;234.737826473525;42.6358217199671;2.30932104300621;0.917975008487701;5;0
15.8000001907349;232.935194783079;43.6947721908117;2.40359103392723;0.833171844482422;5;0
15.8999996185303;230.991851387767;44.6653285956443;2.46417534064415;0.379427224397659;5;0
16;228.982314023791;45.5939684771172;2.47974049758079;-0.067891538143158;5;0
16.1000003814697;226.984670274512;46.5301434200909;2.45051705550316;-0.517076551914215;5;0
16.2000007629395;225.076984806211;47.5232795220288;2.37616264533165;-0.970226347446442;5;0
16.2999992370605;223.32574593446;48.6131463235012;2.2819260330117;-0.879579484462738;5;0
16.3999996185303;221.740776738199;49.7922400906094;2.19973814200523;-0.76290363073349;5;0
16.5;220.315774718673;51.0396598414889;2.12514412116173;-0.753762006759644;5;0
16.6000003814697;219.056479167849;52.3452006066746;2.04813348960045;-0.785197198390961;5;0
16.7000007629395;217.975275982787;53.7045903065458;1.96851217459801;-0.794800758361816;5;0
16.7999992370605;217.080582840562;55.1109215369855;1.88940942000511;-0.786226749420166;5;0
16.8999996185303;216.376732618694;56.5545162220932;1.81084334563377;-0.783366024494171;5;0
17;215.867505384704;58.0258803228034;1.73242294501426;-0.783768713474274;5;0
17.1000003814697;215.556041821641;59.5160800305153;1.65374958228233;-0.787862420082092;5;0
17.2000007629395;215.444830136994;61.0161446745811;1.57506787490013;-0.784637451171875;5;0
17.2999992370605;215.534201832121;62.5167694706705;1.49645411681297;-0.78645396232605;5;0
17.3999996185303;215.823815009874;64.0085951953108;1.4177743167794;-0.784510970115662;5;0
17.5;216.311658297815;65.4824438235464;1.33920478533867;-0.785701394081116;5;0
17.6000003814697;216.994867638617;66.9291567369696;1.2604815931237;-0.785007953643799;5;0
17.7000007629395;217.869176486772;68.339856107074;1.18192124079826;-0.785023093223572;5;0
17.7999992370605;218.929157832798;69.7057928187194;1.10319971751335;-0.785635590553284;5;0
17.8999996185303;220.168336804862;71.0185096508601;1.0246292323983;-0.784597218036651;5;0
18;221.578898822113;72.2699265576838;0.945935127249983;-0.786520898342132;5;0
18.1000003814697;223.152355987888;73.4522582865902;0.867329833022382;-0.784404873847961;5;0
18.2000007629395;224.87872932806;74.558281350119;0.788691637030866;-0.78717565536499;5;0
18.2999992370605;226.747586693057;75.5810462343949;0.710029241553571;-0.78445428609848;5;0
18.3999996185303;228.747165275431;76.5143436024629;0.631438610068586;-0.786183059215546;5;0
18.5;230.865246116583;77.3522917065671;0.552729246131208;-0.784723103046417;5;0
18.6000003814697;233.088689028484;78.0898248241934;0.474171039572981;-0.785256862640381;5;0
18.7000007629395;235.403769199921;78.7223275912423;0.395456668845442;-0.785231828689575;5;0
18.7999992370605;237.796187218853;79.2458928237563;0.316876170150068;-0.785208761692047;5;0
18.8999996185303;240.251010281525;79.6572409531898;0.238107618800428;-0.786367356777191;5;0
19;242.75316529202;79.9537788750257;0.159574446193006;-0.7831169962883;5;0
19.1000003814697;245.287479819604;80.1340895152813;0.0811362833893563;-0.784104406833649;5;0
19.2000007629395;247.838307304136;80.1968812343295;0.00244301270606773;-0.788548767566681;5;0
19.2999992370605;250.388826793549;80.1410666959336;-0.0769916801535819;-0.799331963062286;5;0
19.3999996185303;252.922614964762;79.9662854150789;-0.155984315165255;-0.773900985717773;5;0
19.5;255.427319717699;79.6765074060634;-0.231912079342577;-0.74301141500473;5;0
19.6000003814697;257.891126067581;79.2765467150472;-0.307753178366396;-0.802529573440552;5;0
19.7000007629395;260.290073884809;78.7615506235901;-0.394136968144152;-0.924479484558106;5;0
19.7999992370605;262.592883087854;78.1208973544863;-0.487893770524237;-0.810159564018249;5;0
19.8999996185303;264.804481305487;77.3746134564346;-0.546183194109175;-0.356568366289139;5;0
20;266.974413909037;76.5804576684947;-0.55947543967602;0.0905315428972244;5;0
20.1000003814697;269.15496020141;75.7984854702682;-0.527971508988116;0.540095329284668;5;0
20.2000007629395;271.39838355307;75.0887763670355;-0.451324555166933;0.992817938327789;5;0
20.2999992370605;273.743520754766;74.5000181372274;-0.357608947046969;0.873294711112976;5;0
20.3999996185303;276.172658782897;74.0330800392562;-0.276007357128832;0.757417619228363;5;0
20.5;278.654893156384;73.6775872474267;-0.201447191723559;0.755321323871612;5;0
20.6000003814697;281.172713922961;73.433818941455;-0.124279650934908;0.786815285682678;5;0
20.7000007629395;283.715053331142;73.3071545580086;-0.0446134834372733;0.794215381145477;5;0
20.7999992370605;286.267754823988;73.2996179919578;0.0344479651367928;0.785961449146271;5;0
20.8999996185303;288.813848064786;73.4102707532298;0.11299955557945;0.783279597759247;5;0
21;291.336950377729;73.6379323019882;0.191422101966169;0.783907353878021;5;0
21.1000003814697;293.821723002438;73.9812889998767;0.270115193835524;0.787578880786896;5;0
21.2000007629395;296.252998405668;74.4385724892891;0.348781404010084;0.784607946872711;5;0
21.2999992370605;298.615813964617;75.0067774335607;0.42740499686363;0.786679923534393;5;0
21.3999996185303;300.895362351184;75.6824678024563;0.506074187270429;0.784454345703125;5;0
21.5;303.077668794737;76.4613232833843;0.584650394431379;0.785890698432922;5;0
21.6000003814697;305.149162869552;77.3386649229004;0.663369175902631;0.784890294075012;5;0
21.7000007629395;307.097126648752;78.3090085882157;0.741930362693098;0.785154819488525;5;0
21.7999992370605;308.909473634043;79.3663655829611;0.820654150954511;0.785465240478515;5;0
21.8999996185303;310.574987824899;80.5042314943544;0.89922010611656;0.784675240516663;5;0
22;312.083445226616;81.7155012189972;0.977923151961591;0.786296486854553;5;0
22.1000003814697;313.425382819693;82.9927736811775;1.05651831339958;0.784428000450134;5;0
22.2000007629395;314.592722073897;84.32807755235;1.13517117213371;0.787348389625549;5;0
22.2999992370605;315.577994045081;85.7132428134743;1.21381902407768;0.784423649311066;5;0
22.3999996185303;316.375357356484;87.139621168535;1.29241907309654;0.786400556564331;5;0
22.5;316.979634028157;88.598448247022;1.37112021159294;0.784633278846741;5;0
22.6000003814697;317.387325495125;90.080687069279;1.44968187522056;0.785414755344391;5;0
22.7000007629395;317.59576593592;91.577202146092;1.52839553069237;0.785108983516693;5;0
22.7999992370605;317.603721939661;93.078739506906;1.60697614859703;0.785336256027222;5;0
22.8999996185303;317.411057800936;94.575907390556;1.68574869345787;0.786093056201935;5;0
23;317.018934830255;96.059530734946;1.76426684569481;0.783091127872467;5;0
23.1000003814697;316.430275564436;97.520704461402;1.84271466445091;0.784211397171021;5;0
23.2000007629395;315.648440795892;98.950342979563;1.92142951201561;0.788878679275513;5;0
23.2999992370605;314.677452606011;100.338756519784;2.00090491484764;0.7998406291008;5;0
23.3999996185303;313.522554480235;101.67686988475;2.07975923728111;0.772478640079498;5;0
23.5;312.194477481124;102.959320072265;2.15557777594688;0.74218487739563;5;0
23.6000003814697;310.704725735317;104.181019418159;2.23178231429222;0.808009743690491;5;0
23.7000007629395;309.053126237253;105.326496825828;2.31864773940208;0.928734481334686;5;0
23.7999992370605;307.234006170685;106.375386536589;2.41151702117088;0.78706419467926;5;0
23.8999996185303;305.280595367012;107.339655239865;2.46786558341148;0.3408083319664;5;0
24;303.267804087224;108.265985532269;2.48136365126732;0.0123256342485547;5;0
24.1000003814697;301.248013798036;109.18734012991;2.4825993747628;0.0123322429135442;5;0
24.2000007629395;299.226599433622;110.107093431003;2.48383557509544;0.0123386885970831;5;0
24.2999992370605;297.203532104823;111.025239871293;2.48507225226524;0.0123449703678489;5;0
24.3999996185303;295.178825760265;111.941791168843;2.4863094062722;0.0123510872945189;5;0
24.5;293.152461471141;112.856737656858;2.48754703711632;0.0123570403084159;5;0
24.6000003814697;291.124448205906;113.770093104671;2.48878514479759;0.012362826615572;5;0
24.7000007629395;289.094767035753;114.681847845489;2.49002349089744;0.0123684480786324;5;0
24.7999992370605;287.063426929134;115.592015648643;2.49126231383446;0.012373904697597;5;0
24.8999996185303;285.030413937418;116.500584796069;2.49250161360862;0.0123791936784983;5;0
25;282.995727068705;117.407573159641;2.49374115180137;0.0123843178153038;5;0
25.1000003814697;280.959371303171;118.312978688087;2.49498116683128;0.0123892743140459;5;0
25.2000007629395;278.9213087832;119.216782047819;2.49622142027977;0.0123940641060472;5;0
25.2999992370605;276.881576374511;120.119020444298;2.49746215056541;0.012398686259985;5;0
25.3999996185303;274.840146179836;121.019670441396;2.49870311926964;0.0124031417071819;5;0
25.5;272.797008238826;121.918736141651;2.49994432639244;0.0124074295163155;5;0
25.6000003814697;270.75217650011;122.816229263126;2.5011860103524;0.012411548756063;5;0
25.7000007629395;268.705627054701;123.712142190298;2.50242769431236;0.0124154994264245;5;0
25.7999992370605;266.657373851234;124.606486641229;2.50366985510948;0.0124192824587226;5;0
25.8999996185303;264.60740692935;125.499266718458;2.50491225432518;0.0124228969216347;5;0
26;262.555712340421;126.39047070392;2.50615513037803;0.0124263428151608;5;0
26.1000003814697;260.502285104269;127.280100648886;2.50739800643089;0.0124296192079782;5;0
26.2000007629395;258.447134189348;128.168170322688;2.50864112090233;0.0124327270314097;5;0
26.2999992370605;256.390252125391;129.05468280223;2.50988447379234;0.0124356644228101;5;0
26.3999996185303;254.331622473679;129.939627395082;2.51112806510093;0.0124384332448244;5;0
26.5;252.271237763948;130.823007178149;2.51237189482811;0.0124410325661302;5;0
26.6000003814697;250.209111944826;131.704833869494;2.51361572455528;0.0124434614554048;5;0
26.7000007629395;248.14523754605;132.585110546022;2.51486003111961;0.0124457208439708;5;0
26.7999992370605;246.07959563881;133.463827540937;2.51610433768394;0.0124478098005056;5;0
26.8999996185303;244.012181242931;134.340986905508;2.51734864424827;0.0124497292563319;5;0
27;241.943005816951;135.216601383435;2.51859318923118;0.0124514773488045;5;0
27.1000003814697;239.872063135654;136.090673538803;2.51983797263267;0.0124530559405685;5;0
27.2000007629395;237.799334270228;136.963193704818;2.52108275603416;0.0124544641003013;5;0
27.2999992370605;235.724814240496;137.834163932749;2.52232753943565;0.0124557008966804;5;0
27.3999996185303;233.648513259959;138.703597479111;2.52357256125572;0.0124567672610283;5;0
27.5;231.570425725914;139.571496651584;2.52481758307579;0.0124576631933451;5;0
27.6000003814697;229.490533332077;140.437851526962;2.52606260489586;0.0124583886936307;5;0
27.7000007629395;227.408845669424;141.302675618172;2.5273078651345;0.0124589437618852;5;0
27.7999992370605;225.325343497885;142.165959386621;2.52855288695457;0.0124593274667859;5;0
27.8999996185303;223.240022459806;143.027704627172;2.52979814719322;0.0124595398083329;5;0
28;221.152905550084;143.887936795169;2.53104340743187;0.0124595817178488;5;0
28.1000003814697;219.063946331731;144.746622627435;2.53228866767051;0.0124594531953335;5;0
28.2000007629395;216.97316764401;145.603787643418;2.53353368949058;0.0124591533094645;5;0
28.2999992370605;214.880565051455;146.45943367003;2.53477894972923;0.0124586829915643;5;0
28.3999996185303;212.786119625255;147.313551040475;2.5360239715493;0.0124580422416329;5;0
28.5;210.689841578912;148.16615301127;2.53726923178795;0.0124572301283479;5;0
28.6000003814697;208.59171073857;149.017230428437;2.53851401518944;0.0124562475830317;5;0
28.7000007629395;206.491736695206;149.866796804901;2.5397590370095;0.0124550946056843;5;0
28.7999992370605;204.389901765057;150.71484196105;2.54100382041099;0.0124537702649832;5;0
28.8999996185303;202.286213671531;151.561380179033;2.54224860381248;0.0124522764235735;5;0
29;200.180655975908;152.406400766422;2.54349314879539;0.0124506112188101;5;0
29.1000003814697;198.073233911512;153.249919031002;2.5447376937783;0.0124487765133381;5;0
29.2000007629395;195.963934774753;154.091922741891;2.54598200034263;0.0124467704445124;5;0
29.2999992370605;193.852762553909;154.932427719692;2.54722630690696;0.0124445958063006;5;0
29.3999996185303;191.739700810262;155.771423271975;2.54847037505272;0.0124422498047352;5;0
29.5;189.624756022173;156.608924193709;2.54971420477989;0.0124397343024611;5;0
29.6000003814697;187.507914241015;157.444918766828;2.55095779608848;0.0124370492994785;5;0
29.7000007629394;185.389181945151;158.279421786302;2.55220138739708;0.0124341947957873;5;0
29.7999992370605;183.268540205774;159.112423585334;2.55344474028709;0.0124311707913876;5;0
29.8999996185303;181.146000481426;159.943936907625;2.55468761633995;0.0124279772862792;5;0
30;179.02154135321;160.773953112012;2.5559304923928;0.0124246152117848;5;0
30.1000003814697;176.895171789579;161.602485967831;2.55717313002708;0.0124210836365819;5;0
30.2000007629395;174.766875351817;162.42952478265;2.5584152908242;0.0124173844233155;5;0
30.2999992370605;172.636661008373;163.255083325804;2.55965745162132;0.0124135157093406;5;0
30.3999996185303;170.504523779072;164.079163648562;2.56089913558128;0.0124094793573022;5;0
30.5;168.370430786475;164.901744366065;2.56214058112266;0.0124052744358778;5;0
30.6000003814697;166.234418896298;165.722862683773;2.56338154982689;0.01240090187639;5;0
30.7000007629395;164.096455231101;166.542497216829;2.56462251853111;0.0123963616788387;5;0
30.7999992370605;161.956534810707;167.360650016501;2.56586301039818;0.012391653843224;5;0
30.8999996185303;159.81466660357;168.177334852122;2.56710302542808;0.0123867793008685;5;0
31;157.67083666106;168.992540005629;2.56834280203941;0.0123817380517721;5;0
31.1000003814697;155.525043991274;169.806283348894;2.56958234023216;0.0123765300959349;5;0
31.2000007629395;153.377298554569;170.618560779377;2.57082116316917;0.0123711563646793;5;0
31.2999992370605;151.227566481603;171.429368784091;2.57205998610618;0.0123656159266829;5;0
31.3999996185303;149.075852752555;172.238705311768;2.57329809378746;0.0123599106445909;5;0
31.5;146.9221613557;173.046586183009;2.57453596305015;0.0123540395870805;5;0
31.6000003814697;144.766492291039;173.853011397815;2.57577335547569;0.0123480036854744;5;0
31.7000007629395;142.608826629764;174.65797128939;2.57701027106407;0.0123418029397726;5;0
31.7999992370605;140.44915441152;175.461469960274;2.57824670981529;0.0123354382812977;5;0
31.8999996185303;138.287489584939;176.263519128531;2.57948267172935;0.0123289097100496;5;0
32;136.123675718709;177.063956202981;2.58213484000328;0.123725868761539;5;0
32.0999984741211;133.941339868662;177.843801511795;2.61662304114464;0.566597580909729;5;0
32.2000007629395;131.692906644122;178.547942644383;2.69552218627098;0.992249429225922;5;0
32.2999992370605;129.342623864802;179.130158462623;2.78837954711082;0.865772843360901;5;0
32.4000015258789;126.910187264302;179.591295237536;2.86936127852562;0.752512395381928;5;0
32.5;124.425913497419;179.941271379871;2.94398653220299;0.757309079170227;5;0
32.5999984741211;121.906567266926;180.179206575663;3.02133047293785;0.788388133049011;5;0
32.7000007629395;119.363284083661;180.299815722306;3.10101568411949;0.793515861034393;5;0
32.7999992370605;116.810513425799;180.301321004274;-3.10315484492289;0.785702586174011;5;0
32.9000015258789;114.265217674176;180.184716578524;-3.02461404292094;0.783241748809814;5;0
33;111.743693829011;179.951148420251;-2.94618625132548;0.784064650535584;5;0
33.0999984741211;109.261264718254;179.601954193491;-2.86747593371378;0.78729784488678;5;0
33.2000007629395;106.833089919267;179.138957922734;-2.78882450549113;0.784588813781738;5;0
33.2999992370605;104.474157968312;178.565224124515;-2.71018976656901;0.786920845508575;5;0
33.4000015258789;102.199232363793;177.884189418621;-2.63153261630045;0.784411013126373;5;0
33.5;100.022208193511;177.10020693795;-2.5529484221171;0.786092042922974;5;0
33.5999984741211;97.9566917569995;176.218010713279;-2.47423548190104;0.784785091876984;5;0
33.7000007629395;96.015317310028;175.243101877102;-2.39567226855265;0.785299181938172;5;0
33.7999992370605;94.2101793274396;174.181500766993;-2.31694740740763;0.785307347774506;5;0
33.9000015258789;92.5523802575867;173.039741103054;-2.23838514773356;0.784765839576721;5;0
34;91.0521680041604;171.824935604208;-2.15967459170329;0.786084473133087;5;0
34.0999984741211;89.7188920344833;170.544514653487;-2.08108801333414;0.784463703632355;5;0
34.2000007629395;88.5606288949901;169.206485323179;-2.00242132632243;0.787083208560944;5;0
34.2999992370605;87.5847598704384;167.819018811428;-1.92378754107462;0.784405767917633;5;0
34.4000015258789;86.7970765358168;166.39078392694;-1.84517712084757;0.786631166934967;5;0
34.5;86.2027030810265;164.930549732316;-1.76648563830363;0.784555673599243;5;0
34.5999984741211;85.805074320641;163.447362001839;-1.68791908709513;0.785581886768341;5;0
34.7000007629395;85.6067923257262;161.950365019351;-1.6092080542277;0.784998953342438;5;0
34.7999992370605;85.6090167964064;160.448825652573;-1.53062529055583;0.785488903522491;5;0
34.9000015258789;85.8118595291064;158.952128047144;-1.45184940783488;0.785838782787323;5;0
35;86.214033696316;157.469429110675;-1.37334675280558;0.783033728599548;5;0
35.0999984741211;86.8125729315231;156.009634511388;-1.29489559618937;0.78425794839859;5;0
35.2000007629395;87.6040965216068;154.581838044723;-1.21615452258097;0.789360344409942;5;0
35.2999992370605;88.5845744292944;153.195785147207;-1.13661140887248;0.800763607025147;5;0
35.4000015258789;89.7485997738613;151.860426219992;-1.0579008528422;0.770691454410553;5;0
35.5;91.0851186904377;150.580890493543;-0.982276863736978;0.739998877048492;5;0
35.5999984741211;92.5828621953048;149.362500582862;-0.905750698728433;0.814235329627991;5;0
35.7000007629395;94.242840211849;148.221430668391;-0.818139977140298;0.937568604946136;5;0
35.7999992370605;96.0704844619964;147.177918789214;-0.725856251401773;0.764055848121643;5;0
35.9000015258789;98.0289344821516;146.216935738666;-0.672154850644937;0.310921132564545;5;0
36;100.041706771119;145.290333855202;-0.663406796140542;-0.135837659239769;5;0
36.0999984741211;102.03069083879;144.348679720608;-0.699475235624185;-0.586187481880188;5;0
36.2000007629394;103.917834965278;143.342533173311;-0.780493683500161;-0.988815426826477;5;0
36.2999992370606;105.64327543224;142.237664970964;-0.872937626523843;-0.860831081867218;5;0
36.4000015258789;107.203593565914;141.046921695091;-0.953376717252603;-0.746579110622406;5;0
36.5;108.604125410944;139.790336306497;-1.02797598330485;-0.758455455303192;5;0
36.5999984741211;109.837095154647;138.476315629215;-1.10545868365275;-0.790051937103271;5;0
36.7000007629394;110.890270324558;137.109216987525;-1.18518204180705;-0.793091773986816;5;0
36.7999992370606;111.756166768601;135.696576151527;-1.26416534869181;-0.785480856895447;5;0
36.9000015258789;112.430616988346;134.248160249543;-1.34269041506754;-0.78314083814621;5;0
37;112.909922572574;132.773351102544;-1.42112059084879;-0.784218728542328;5;0
37.0999984741211;113.191009574679;131.281063762933;-1.49984688250529;-0.78704971075058;5;0
37.2000007629394;113.271679670693;129.780306672051;-1.57848591296183;-0.784588038921356;5;0
37.2999992370606;113.151769714052;128.280420051035;-1.65713304965006;-0.787170052528381;5;0
37.4000015258789;112.831802892757;126.790740842013;-1.73577637164103;-0.784378707408905;5;0
37.5;112.3140336367;125.320451737712;-1.81436962573039;-0.786306262016296;5;0
37.5999984741211;111.601378780683;123.878637228231;-1.89307541338908;-0.784692883491516;5;0
37.7000007629394;110.698463484315;122.474202066873;-1.97164196459757;-0.78545606136322;5;0
37.7999992370606;109.610727693134;121.115837650626;-2.05036587206828;-0.785161972045898;5;0
37.9000015258789;108.344942113906;119.811931739999;-2.12892622439371;-0.784869074821472;5;0
38;106.908981089602;118.570539765573;-2.20764250246989;-0.785884916782379;5;0
38.0999984741211;105.311594482479;117.399374006425;-2.2862214514445;-0.784512102603912;5;0
38.2000007629394;103.562832972944;116.305593488505;-2.36490053622233;-0.786830425262451;5;0
38.2999992370606;101.673289068143;115.296064213201;-2.44352144686686;-0.784400522708893;5;0
38.4000015258789;99.6548620241078;114.376904389458;-2.52214378802287;-0.786873757839203;5;0
38.5;97.519861434532;113.553940970315;-2.60082430331217;-0.784490704536438;5;0
38.5999984741211;95.2815808603603;112.832106652724;-2.67939609972941;-0.785762965679169;5;0
38.7000007629394;92.9537769776745;112.215968749427;-2.75810379473673;-0.784901976585388;5;0
38.7999992370606;90.5508985831567;111.709285598217;-2.83668941943156;-0.78564840555191;5;0
38.9000015258789;88.0879003850752;111.315292818819;-2.91546577898966;-0.785591065883637;5;0
39;85.5798484533544;111.036359386498;-2.99395555941569;-0.783009231090546;5;0
39.0999984741211;83.0419809529313;110.873857836865;-3.07241363017069;-0.78436017036438;5;0
39.2000007629394;80.4900918654581;110.829054015215;3.13200437735679;-0.789790570735932;5;0
39.2999992370606;77.9411246636331;110.903019719799;3.05240523528221;-0.800877869129181;5;0
39.4000015258789;75.4110652621431;111.095666918827;2.97385227393272;-0.769090950489044;5;0
39.5;72.911753619005;111.402476888104;2.89837944220665;-0.738503396511078;5;0
39.5999984741211;70.4558276778599;111.819283293201;2.821455118171;-0.820150315761566;5;0
39.7000007629394;68.0695729806464;112.352792640553;2.73322617720726;-0.944150865077972;5;0
39.7999992370606;65.7828109747727;113.012376387506;2.64190303992393;-0.740976750850678;5;0
39.9000015258789;63.5809266972819;113.769826135879;2.59049427222374;-0.288131505250931;5;0
40;61.4127507532953;114.566000120284;2.58401739310386;0.158507540822029;5;0
40.0999984741211;59.2260038399126;115.34084286112;2.62237035941246;0.609256565570831;5;0
40.2000007629395;56.9684494920253;116.034316161107;2.70535337638023;0.982103705406189;5;0
40.2999992370606;54.6084314775304;116.603777006337;2.79716098021629;0.854653835296631;5;0
40.4000015258789;52.1693558657288;117.053188672852;2.87702429007652;0.741226971149444;5;0
40.5;49.6809644315291;117.391999092348;2.95169579695823;0.760029852390289;5;0
40.5999984741211;47.1586888019319;117.618270401664;3.02933704566124;0.791669905185699;5;0
40.7000007629395;44.6137212845316;117.726790152624;3.10907232474449;0.792553722858429;5;0
40.7999992370606;42.0609278532888;117.716255123453;-3.09516615359293;0.785265743732453;5;0
40.9000015258789;39.5173067628502;117.58771454844;-3.01665324656474;0.783088564872742;5;0
41;36.999065370247;117.342351325626;-2.93821758715617;0.784391403198242;5;0
41.0999984741211;34.5214587647499;116.981496093072;-2.85947794405924;0.78680419921875;5;0
41.2000007629394;32.0996385885109;116.50711585024;-2.7808503576945;0.78459769487381;5;0
41.2999992370606;29.7485644989678;115.922313203454;-2.70219034640299;0.787030637264252;5;0
41.4000015258789;27.4829362647934;115.230620875216;-2.62356085268961;0.784359693527222;5;0
41.5;25.3166380318667;114.43645762688;-2.54495710818278;0.786532461643219;5;0
41.5999984741211;23.2631655335888;113.544576834971;-2.46626038043009;0.784613132476806;5;0
41.7000007629394;21.3350733635641;112.560599760378;-2.38768953768717;0.785625517368317;5;0
41.7999992370606;19.5443882579576;111.490539714701;-2.30896801440226;0.785029172897339;5;0
41.9000015258789;17.9021359889972;110.341040584867;-2.23040861575114;0.784984827041626;5;0
42;16.4184568802781;109.119224473979;-2.15168756930338;0.785697758197784;5;0
42.0999984741211;15.1025918374614;107.832592675163;-2.07311529604899;0.784573078155517;5;0
42.2000007629394;13.9625267615554;106.489163401381;-1.99442476717936;0.786590039730072;5;0
42.2999992370606;13.005523413065;105.097157081234;-1.91581577746378;0.78440797328949;5;0
42.4000015258789;12.2372428801349;103.665270074257;-1.83718008486735;0.787128686904907;5;0
42.5;11.6627157212009;102.202292545293;-1.75851292101847;0.784438252449035;5;0
42.5999984741211;11.2851984460225;100.7172825884;-1.6799334952067;0.78595632314682;5;0
42.7000007629395;11.1072463099331;99.219395038541;-1.60123104540812;0.7848179936409;5;0
42.7999992370606;11.1298446965193;97.717924903816;-1.52264112917887;0.785820782184601;5;0
42.9000015258789;11.3530137545423;96.222241688361;-1.44386620013224;0.785354435443878;5;0
43;11.775259452181;94.741465401263;-1.36538881747233;0.78299617767334;5;0
43.0999984741211;12.3935606306379;93.284480620661;-1.28692287890421;0.784479200839996;5;0
43.2000007629395;13.2044459520372;91.860479590755;-1.20812744585978;0.790237069129944;5;0
43.2999992370606;14.2038754187525;90.479211850611;-1.12847942797648;0.799267649650574;5;0
43.4000015258789;15.3859888402402;89.14933427239;-1.05008739916789;0.767493724822998;5;0
43.5;16.7392999647583;87.875700134661;-0.974764771146646;0.73701536655426;5;0
43.5999984741211;18.2532053545739;86.664178698896;-0.897405094785562;0.826105952262878;5;0
43.7000007629394;19.93007893349;85.5321897854675;-0.808555550260413;0.95075649023056;5;0
43.7999992370606;21.7739127284569;84.4987744344373;-0.718342251462808;0.717886805534363;5;0
43.9000015258789;23.7414408684614;83.5435348093415;-0.669224686307778;0.265363395214081;5;0
44;25.7553529051712;82.6176597163006;-0.665018982572427;-0.181191012263298;5;0
44.0999984741211;27.7375652435008;81.6717133910563;-0.705657906217446;-0.63233757019043;5;0
44.2000007629394;29.6101018891319;80.6563379932601;-0.790455288572183;-0.97540694475174;5;0
44.2999992370606;31.3184364586705;79.5417506962956;-0.881629414243569;-0.848513960838318;5;0
44.4000015258789;32.862413255645;78.3435143264895;-0.960920281095376;-0.735919713973999;5;0
44.5;34.2465025073739;77.0809095425044;-1.03569931475626;-0.761608779430389;5;0
44.5999984741211;35.4617676581353;75.7612932225454;-1.11349958865153;-0.793287217617035;5;0
44.7000007629394;36.4961475969707;74.3891354742189;-1.1932358214091;-0.792031586170197;5;0
44.7999992370606;37.3428047683112;72.9724217392093;-1.27214760272013;-0.78506737947464;5;0
44.9000015258789;37.9975915944343;71.5209109407629;-1.35064930407511;-0.783047735691071;5;0
45;38.4569271942373;70.043927759089;-1.42909187762247;-0.784575343132019;5;0
45.0999984741211;38.7177266585204;68.5503655669561;-1.50784248797404;-0.786571443080902;5;0
45.2000007629395;38.7780377171458;67.0492711659487;-1.5864595839213;-0.784620344638824;5;0
45.2999992370606;38.6377769167193;65.549995610942;-1.66513151614176;-0.786779642105103;5;0
45.4000015258789;38.2976019203618;64.06186411384;-1.74374813525187;-0.784353196620941;5;0
45.5;37.7599066132631;62.5940455858754;-1.8223633238505;-0.78677088022232;5;0
45.5999984741211;37.0277044580652;61.1556371073803;-1.90104956118571;-0.784546077251434;5;0
45.7000007629395;36.1057610512399;59.7554681242481;-1.97962612597453;-0.785807430744171;5;0
45.7999992370606;34.9996154614228;58.4022634250847;-2.05834383456217;-0.784908890724182;5;0
45.9000015258789;33.7161957669112;57.1043372194841;-2.13690371005045;-0.785113155841828;5;0
46;32.2634181462325;55.869736438176;-2.21562761752116;-0.785523056983948;5;0
46.0999984741211;30.6502032806874;54.7060986362999;-2.29419512240397;-0.784646689891815;5;0
46.2000007629394;28.8866451792574;53.6205693591665;-2.3728947111796;-0.786361932754517;5;0
46.2999992370606;26.9834718057752;52.6199413520266;-2.4514932104777;-0.784428119659424;5;0
46.4000015258789;24.9526431702998;51.7102903367221;-2.53014368502604;-0.787395894527435;5;0
46.5;22.8065355926298;50.8973808560496;-2.60879654376017;-0.784398376941681;5;0
46.5999984741211;20.5585392408796;50.186070889104;-2.68738407580363;-0.78616201877594;5;0
46.7000007629394;18.2224326956417;49.5808837998067;-2.76608032671915;-0.784747004508972;5;0
46.7999992370606;15.8127693269838;49.0854911952541;-2.84467548815714;-0.786006033420563;5;0
46.9000015258789;13.3445043339565;48.703097932214;-2.92344684092509;-0.785129010677338;5;0
47;10.8327351295597;48.4359247354171;-3.00191325633036;-0.782994627952576;5;0
47.0999984741211;8.29270236365144;48.2853212878184;-3.0803880163859;-0.784615218639374;5;0
47.2000007629394;5.74033199774741;48.2525209031015;3.1239727706826;-0.79069972038269;5;0
47.2999992370606;3.19260984121947;48.3385997707505;3.04428660582664;-0.797655344009399;5;0
47.4000015258789;0.665181539657018;48.5430904775359;2.9660547943032;-0.765899896621704;5;0
47.5;-1.83040638161721;48.861171674787;2.89088165473106;-0.735535025596619;5;0
47.5999984741211;-4.28072390340104;49.2893112652484;2.81304967116478;-0.832101881504059;5;0
47.7000007629395;-6.65808665310609;49.835316074268;2.72357618521812;-0.957384169101715;5;0
47.7999992370606;-8.9343470189786;50.5071513915136;2.63462245177391;-0.694791078567505;5;0
47.9000015258789;-11.1304212681188;51.2712715293516;2.58779561232689;-0.242615789175034;5;0
48;-13.2980975153223;52.0680211788497;2.5858606071389;0.203889772295952;5;0
48.0999984741211;-15.4896570576279;52.8373369501053;2.62878644179466;0.6554274559021;5;0
48.2000007629395;-17.7571674835589;53.5193162818201;2.71524870108726;0.968726813793182;5;0
48.2999992370606;-20.1266931070896;54.0760637385761;2.80579149436119;0.842412114143371;5;0
48.4000015258789;-22.5719853243465;54.5139430430377;2.88451516341331;0.733030080795288;5;0
48.5;-25.0643056595762;54.8415842084679;2.95943486403587;0.763192117214203;5;0
48.5999984741211;-27.5894155741289;55.0561218942363;3.03739440154197;0.794903576374054;5;0
48.7000007629394;-30.1359369388198;55.1525246986874;3.11712133597496;0.791525423526764;5;0
48.7999992370606;-32.6885738363936;55.129962820775;-3.08718580691325;0.784885823726654;5;0
48.9000015258789;-35.2303339842816;54.989505417929;-3.00869459597575;0.783018350601196;5;0
49;-37.7451439994546;54.7323600095002;-2.93024439303385;0.784770488739014;5;0
49.0999984741211;-40.2177751865469;54.359872470681;-2.85148424593912;0.786351442337036;5;0
49.2000007629394;-42.6330965447861;53.8741296315134;-2.77287620989787;0.784656047821045;5;0
49.2999992370606;-44.9761506407599;53.2783070505652;-2.69419426409708;0.786540806293488;5;0
49.4000015258789;-47.2323211160117;52.5760045496313;-2.61558956591593;0.784359216690063;5;0
49.5;-49.3877773538156;51.7716956817412;-2.53696150271403;0.787021517753601;5;0
49.5999984741211;-51.4290818795416;50.8701971119105;-2.45828718630778;0.784491539001465;5;0
49.7000007629394;-53.3437717265769;49.8772027676166;-2.37970346896159;0.786001741886139;5;0
49.7999992370606;-55.1198525247402;48.7987611207307;-2.30099100558268;0.784801423549652;5;0
49.9000015258789;-56.7464807742222;47.6415998654407;-2.22242922274577;0.785254120826721;5;0
50;-58.2135109206909;46.4128454991237;-2.14370436160075;0.785360336303711;5;0
50.0999984741211;-59.5118895616401;45.1200787278931;-2.0651406714152;0.784733712673187;5;0
50.2000007629395;-60.6336823414122;43.7713368126438;-1.98643297640787;0.786148846149444;5;0
50.2999992370606;-61.5717739187788;42.374891758484;-1.90784353701579;0.784456074237823;5;0
50.4000015258789;-62.3206043124945;40.9394422770712;-1.82917971102702;0.787186801433563;5;0
50.5;-62.8752600034555;39.4738049110529;-1.75054211108195;0.784390091896057;5;0
50.5999984741211;-63.2326214419432;37.9870723373671;-1.67193979708659;0.786464750766754;5;0
50.7000007629395;-63.3902070833807;36.4884122881446;-1.59324831454264;0.784635663032532;5;0
50.7999992370606;-63.347245592361;34.987102063719;-1.51466412035929;0.78587794303894;5;0
50.9000015258789;-63.1038147007592;33.4924663502815;-1.43592447726237;0.784973204135895;5;0
51;-62.6615635775671;32.0136694096326;-1.35740751711833;0.784172296524048;5;0
51.0999984741211;-62.0233727625934;30.559763832519;-1.278784222288;0.785315155982971;5;0
51.2000007629394;-61.1929428536555;29.1398365555513;-1.20009560076701;0.787287712097168;5;0
51.2999992370606;-60.1750829416332;27.7630408929174;-1.12098593203532;0.790407955646515;5;0
51.4000015258789;-58.975978003175;26.4378356887911;-1.04259771792399;0.776209592819214;5;0
51.5;-57.6050398910182;25.1709790088521;-0.965429730100503;0.76562637090683;5;0
51.5999984741211;-56.0711574196785;23.9698803081789;-0.886890835447183;0.806307256221771;5;0
51.7000007629394;-54.3784493294293;22.8462057215738;-0.803658909482827;0.857457876205444;5;0
51.7999992370606;-52.5319877521636;21.8110324436287;-0.721412605924478;0.739156484603882;5;0
51.9000015258789;-50.5593007737757;20.8582686465363;-0.656506008787027;0.558608531951904;5;0
52;-48.5005563891414;19.9716216269368;-0.612303681058755;0.267745345830917;5;0
52.0999984741211;-46.4043870721252;19.1177553449546;-0.605766226147238;-0.124064020812511;5;0
52.2000007629394;-44.3145525402803;18.2582742444786;-0.612740940732827;-0.015455724671483;5;0
52.2999992370606;-42.2274211384111;17.3963975784485;-0.610899395627847;0.0181479528546333;5;0
52.4000015258789;-40.138036854465;16.5365195253826;-0.610531630768377;-0.00861586444079876;5;0
52.5;-38.0491532612819;15.6761959082781;-0.611003346128335;-0.000821139372419566;5;0
52.5999984741211;-35.9604272009485;14.8157274797612;-0.610863000636186;0.00122561492025852;5;0
52.7000007629395;-33.8715494243241;13.9553989762407;-0.610843539087795;-0.000597850128542632;5;0
52.7999992370606;-31.7827120453729;13.0950365351578;-0.610875553769937;-3.82290709239896E-05;5;0
52.9000015258789;-29.6938793725176;12.2346639054928;-0.610864761924858;8.24414819362573E-05;5;0
53;-27.60504056939;11.374302660842;-0.610863836493535;-4.1435534512857E-05;5;0
53.0999984741211;-25.5162048491434;10.5139388263027;-0.610866017026773;-1.25661767924612E-06;5;0
53.2000007629395;-23.427364682539;9.6535724920395;-0.610865182819192;5.52029450773262E-06;5;0
53.2999992370606;-21.3385287376525;8.7932088462172;-0.61086514838066;-2.86809654426179E-06;5;0
53.4000015258789;-19.2496880446666;7.9328429541603;-0.610865063352456;1.66234084275629E-08;5;0
53.5;-17.1608523590611;7.0724790905195;-0.610865232806935;3.67706036286108E-07;5;0
53.5999984741211;-15.0720166220368;6.2121152700749;-0.610865232498791;-1.98254397787423E-07;5;0
53.7000007629394;-12.9831759221062;5.3517493838521;-0.610865063352456;8.91033202776725E-09;5;0
53.7999992370606;-10.8943402035395;4.4913855479016;-0.610865237715148;2.42651090331947E-08;5;0
53.9000015258789;-8.80549950134634;3.6310196635795;-0.610865237853413;-1.37293456603516E-08;5;0
54;-6.71666378060036;2.7706558294597;-0.610865063352456;1.85704329691561E-09;5;0
54.0999984741211;-4.62782556973861;1.9102909697282;-0.610865238135898;3.87459370143617E-10;5;0
54.2000007629394;-2.53898984890564;1.0499271356815;-0.610865063352456;-1.2201464283379E-09;5;0
54.2999992370606;-0.450151638005;0.189562275982599;-0.610865237927784;9.82456782594454E-09;5;0
54.4000015258789;1.63868657371778;-0.670802583025498;-0.610865237961991;-1.81678405652974E-08;5;0
54.5;3.72752478291848;-1.5311674441525;-0.610865063352456;1.21963117383217E-09;5;0
54.5999984741211;5.8163629936371;-2.3915323040043;-0.610865233663755;1.40259245995367E-07;5;0
54.7000007629394;7.90519872525098;-3.2518961289941;-0.610865235934896;-2.73699640729319E-07;5;0
54.7999992370606;9.99403690963316;-4.11226101097074;-0.610865063352456;8.95716070203889E-08;5;0
54.9000015258789;12.0828751228465;-4.97262586872675;-0.610865167658132;2.02508272195701E-06;5;0
55;14.1717134812029;-5.83299060454986;-0.610865221295195;-4.07977131544612E-06;5;0
55.0999984741211;16.2605500492902;-6.6933552855921;-0.610865540189614;2.24608083954081E-06;5;0
55.2000007629395;18.3493883741854;-7.55372004952552;-0.610864149388248;2.92041968350532E-05;5;0
55.2999992370606;20.4382285890262;-8.41408322574035;-0.610865220131722;-6.0550151829375E-05;5;0
55.4000015258789;22.5270596456921;-9.27445253685626;-0.610871739072671;4.51904961664695E-05;5;0
55.5;24.6159000452516;-10.1348147785096;-0.610848540762958;0.000420668075094;5;0
55.5999984741211;26.7047658537675;-10.9951572331905;-0.610868401212564;-0.000895255187060684;5;0
55.7000007629395;28.7935135016659;-11.8555938870978;-0.61095423190104;0.000823121517896652;5;0
55.7999992370606;30.8824105221841;-12.7159112900514;-0.610610615188192;0.00605273572728038;5;0
