s_m;x_m;y_m;psi_rad;kappa_radpm;vx_mps;ax_mps2
0;2;0;-0.61184067217814;-0.0228061955422163;5;0
0.100000001490116;2.12268688554375;-0.086288333537419;-0.614033646268714;-0.0210623349994421;5;0
0.200000002980232;2.24518613530138;-0.172830882666155;-0.616052574796546;-0.0193174686282873;5;0
0.300000011920929;2.36751331012634;-0.25960655428747;-0.617896980924478;-0.0175717826932669;5;0
0.400000005960465;2.48968393425313;-0.346594229661761;-0.619566387815347;-0.0158254336565733;5;0
0.5;2.61171364139752;-0.433772867508429;-0.621061272306314;-0.0140785593539476;5;0
0.600000023841858;2.73361797437891;-0.521121361514935;-0.622381634397378;-0.0123312715440989;5;0
0.699999988079071;2.85541251263568;-0.608618631009607;-0.623526997251382;-0.0105836633592844;5;0
0.800000011920929;2.9771127613667;-0.696243545469469;-0.624497837705484;-0.00883581396192312;5;0
0.899999976158142;3.09873440966686;-0.783975101431526;-0.625293678922525;-0.00708778481930494;5;0
1;3.22029285408012;-0.871792089733696;-0.625914997739663;-0.00533962575718761;5;0
1.10000002384186;3.34180385693925;-0.959673558194716;-0.626361317319741;-0.00359137798659503;5;0
1.20000004768372;3.46328273994776;-1.04759824865946;-0.626633114499917;-0.00184307468589395;5;0
1.29999995231628;3.58474533907697;-1.13554525965621;-0.626729912443032;-9.47441949392669E-05;5;0
1.39999997615814;3.70620697843419;-1.22349332959682;-0.626652187986245;0.00165358767844737;5;0
1.5;3.82768341754777;-1.31142151030523;-0.626399464292398;0.00340189528651535;5;0
1.60000002384186;3.94919012700081;-1.39930864275674;-0.625971741361489;0.00515015050768852;5;0
1.70000004768372;4.07074272465351;-1.48713366934576;-0.625369496030679;0.00689832074567676;5;0
1.79999995231628;4.19235682195583;-1.57487554162147;-0.624592728299966;0.00864636711776257;5;0
1.89999997615814;4.31404774541893;-1.66251299456267;-0.623640961332193;0.0103942388668656;5;0
2;4.43583140264949;-1.75002518026807;-0.622514195127359;0.0121418759226799;5;0
2.09999990463257;4.557723115351;-1.83739084058255;-0.621212906522622;0.0138892019167542;5;0
2.20000004768372;4.67973835490783;-1.92458881533707;-0.619737095517984;0.0156361274421215;5;0
2.29999995231628;4.80189302732413;-2.01159825891902;-0.618086285276284;0.017382537946105;5;0
2.40000009536743;4.92420245750849;-2.0983979085959;-0.616260952634683;0.0191283039748669;5;0
2.5;5.04668226011598;-2.18496671133951;-0.614261097593179;0.0208732672035694;5;0
2.59999990463257;5.16934805140425;-2.27128361183294;-0.612086720151773;0.0226172469556332;5;0
2.70000004768372;5.29221544602837;-2.357327557048;-0.609737812383968;0.0243600308895111;5;0
2.79999995231628;5.41529976889695;-2.44307728425218;-0.607214570120845;0.0261013805866241;5;0
2.90000009536743;5.53861692601411;-2.52851194783287;-0.60451706273568;0.0278410166501999;5;0
3;5.66218224228843;-2.61361028505759;-0.601645414792869;0.0295786336064339;5;0
3.09999990463257;5.78601133397757;-2.69835124060942;-0.598599772975716;0.031313881278038;5;0
3.20000004768372;5.91011981413405;-2.78271376374886;-0.59538030631927;0.0330463759601116;5;0
3.29999995231628;6.03452300766645;-2.8666765917434;-0.591987214126561;0.03477568551898;5;0
3.40000009536743;6.15923711673562;-2.95021907952997;-0.588420723640296;0.0365013405680656;5;0
3.5;6.28427687553929;-3.03331956098832;-0.584681096562121;0.0382228195667267;5;0
3.59999990463257;6.40965848784084;-3.11595738876668;-0.580768630915258;0.0399395637214184;5;0
3.70000004768372;6.53539727614505;-3.19811130356559;-0.576683661975834;0.0416509546339512;5;0
3.79999995231628;6.66150885510698;-3.27976025235685;-0.572426567860815;0.043356329202652;5;0
3.90000009536743;6.78800854883396;-3.36088297355229;-0.567997778841231;0.0450549684464931;5;0
4;6.91491226573395;-3.44145861810628;-0.563397768028948;0.0467461012303829;5;0
4.09999990463257;7.0427054694589;-3.52052264732663;-0.537661987432215;0.468180954456329;5;0
4.19999980926514;7.17375301724441;-3.59333658329825;-0.469528424628947;0.895022630691528;5;0
4.30000019073486;7.31051911866511;-3.65475506856743;-0.375576215871546;0.891874969005585;5;0
4.40000009536743;7.45254478785014;-3.70384989978022;-0.291928502806399;0.779985606670379;5;0
4.5;7.59802415894408;-3.7416413577544;-0.216792318114016;0.751243054866791;5;0
4.59999990463257;7.74576031583562;-3.76832743933682;-0.140130314120028;0.780612170696259;5;0
4.69999980926514;7.89507944712653;-3.78339897475134;-0.060752335079882;0.79601377248764;5;0
4.80000019073486;8.04519518165193;-3.78656366169274;0.0184448928749825;0.786971569061279;5;0
4.90000009536743;8.19512348086014;-3.77789130480096;0.0970635981476571;0.783874154090881;5;0
5;8.34388889243005;-3.7574905737311;0.175496456137922;0.783477365970612;5;0
5.09999990463257;8.49058261579175;-3.72549216854306;0.25410484980705;0.787517845630646;5;0
5.19999980926514;8.63430987115887;-3.68205415193492;0.332831618300703;0.784786641597748;5;0
5.30000019073486;8.7741877233365;-3.62745982995194;0.411422726622846;0.785857796669006;5;0
5.40000009536743;8.90934082215059;-3.56204153260249;0.490126606932905;0.784760594367981;5;0
5.5;9.03893778618545;-3.48621220218748;0.568683979026106;0.785207271575928;5;0
5.59999990463257;9.16217635634549;-3.40043671579867;0.647410509101179;0.785435259342194;5;0
5.69999980926514;9.27829546521794;-3.30524208270948;0.725976225844648;0.784703433513641;5;0
5.80000019073486;9.38657996790677;-3.20122315814714;0.804681536666181;0.786221563816071;5;0
5.90000009536743;9.48635403922686;-3.08901466276701;0.883273598662641;0.784438967704773;5;0
6;9.57701087790184;-2.9693198402501;0.961931464186933;0.787267923355103;5;0
6.09999990463257;9.65797612658901;-2.84286792613694;1.04057454775932;0.784411489963532;5;0
6.19999980926514;9.72876616985568;-2.71045060267995;1.11917626570823;0.786441445350647;5;0
6.30000019073486;9.78892712716052;-2.57287818981154;1.19787311267021;0.784622132778168;5;0
6.40000009536743;9.83810081361178;-2.43100640342014;1.27644324015739;0.785604298114777;5;0
6.5;9.87597294466527;-2.28571056588161;1.35516798209312;0.785067856311798;5;0
6.59999990463257;9.90231466581359;-2.13788739902229;1.43372356604698;0.784862399101257;5;0
6.69999980926514;9.91696617555805;-1.98845097871175;1.51243149947288;0.785678327083588;5;0
6.80000019073486;9.919828786846;-1.83832412014026;1.59101855467918;0.784885823726654;5;0
6.90000009536743;9.91089041568388;-1.68844312764733;1.66976105879905;0.787242531776428;5;0
7;9.89019338593887;-1.53973394165214;1.74834835242393;0.78332781791687;5;0
7.09999990463257;9.85789906406791;-1.39308841626174;1.82677232932213;0.7838254570961;5;0
7.19999980926514;9.81419741030648;-1.24940620283804;1.90540516089561;0.787454426288605;5;0
7.30000019073486;9.75931962785456;-1.10964901168671;1.98468839835289;0.797297894954681;5;0
7.40000009536743;9.69353814434289;-0.974763323886138;2.06401812743309;0.77873295545578;5;0
7.5;9.61742406951329;-0.845355101965416;2.14040648650291;0.747581481933594;5;0
7.59999990463257;9.53169546511801;-0.721869072635478;2.21549522589805;0.785287499427795;5;0
7.69999980926514;9.43651197240231;-0.605593609123164;2.30006158064964;0.905052065849304;5;0
7.80000019073486;9.33147516340324;-0.498662723485313;2.39491188239219;0.87908285856247;5;0
7.90000009536743;9.21781206290514;-0.400905251811797;2.46008717726829;0.425216764211655;5;0
8;9.0997900236665;-0.30784103762997;2.48020112227562;-0.0226277858018875;5;0
8.10000038146973;8.98200102653303;-0.214525684006344;2.45553481291893;-0.471101403236389;5;0
8.19999980926514;8.8690374331267;-0.116015497212862;2.38576852988365;-0.924790799617767;5;0
8.30000019073486;8.76500993819541;-0.00805155758178122;2.29093038748863;-0.892250955104828;5;0
8.39999961853027;8.67080388403253;0.109051819649197;2.20755970191124;-0.77400803565979;5;0
8.5;8.5860260592807;0.233171813539138;2.13279044341209;-0.750659942626953;5;0
8.60000038146973;8.51092709432029;0.363154984854405;2.05609214018944;-0.781962931156158;5;0
8.69999980926514;8.446233607887;0.498570698038418;1.97659432601097;-0.796018362045288;5;0
8.80000019073486;8.39247893871606;0.638770894572367;1.89740431021812;-0.786807417869568;5;0
8.89999961853027;8.34992540487206;0.782796525936637;1.81880652617576;-0.783573091030121;5;0
9;8.31879978641146;0.929692035025132;1.74038660239342;-0.783525466918945;5;0
9.10000038146973;8.29928984673668;1.07856149163004;1.66175782393577;-0.78788036108017;5;0
9.19999980926514;8.29154983242566;1.22850973196002;1.5830427379525;-0.784735560417175;5;0
9.30000019073486;8.29560973268485;1.37860941100898;1.50444495391014;-0.786040484905243;5;0
9.39999961853027;8.31145418209797;1.52792390261623;1.42574798773887;-0.784661710262299;5;0
9.5;8.33897391726924;1.67553212164752;1.3471879930413;-0.785359799861908;5;0
9.60000038146973;8.37800597257951;1.82052046144221;1.26846098612907;-0.785281002521515;5;0
9.69999980926514;8.42830927677087;1.96199595202161;1.18989824961784;-0.784797370433807;5;0
9.80000019073486;8.48956755298508;2.09908291971112;1.11118602465751;-0.786013662815094;5;0
9.89999961853027;8.56141114700165;2.23093171490918;1.03260230731132;-0.784479081630707;5;0
10;8.64338392249115;2.3567331606202;0.953930851928022;-0.787006616592407;5;0
10.1000003814697;8.73499315304372;2.47570064441761;0.875301596633222;-0.784396648406982;5;0
10.1999998092651;8.83565884215039;2.58710997080515;0.79668903063896;-0.786673903465271;5;0
10.3000001907349;8.94477117119408;2.69026044544954;0.718002197257307;-0.784553527832031;5;0
10.3999996185303;9.06164553411509;2.78452600648232;0.639426466933515;-0.785784780979157;5;0
10.5;9.18556533599815;2.86931346886518;0.560705301276472;-0.784940481185913;5;0
10.6000003814697;9.31576336572828;2.94410700137379;0.482150074950483;-0.784981489181519;5;0
10.6999998092651;9.45143503533586;3.00844401248604;0.403438565245893;-0.785516560077667;5;0
10.8000001907349;9.59174377164368;3.06192097993653;0.324854967108991;-0.784980475902557;5;0
10.8999996185303;9.73581193598332;3.10420854045982;0.246101734153059;-0.786939859390259;5;0
11;9.88275627255466;3.13503540024221;0.167533692828443;-0.783246099948883;5;0
11.1000003814697;10.0316821162529;3.15425176593489;0.0891059012329842;-0.783968567848205;5;0
11.1999998092651;10.1816773433953;3.16172967364314;0.0104541749871041;-0.787802755832672;5;0
11.3000001907349;10.3317551811247;3.15735675641384;-0.0688781170928214;-0.797960698604584;5;0
11.3999996185303;10.4809390600543;3.1410763707009;-0.148106816300127;-0.777120292186737;5;0
11.5;10.6284768318061;3.11323967009678;-0.224341037758562;-0.746051549911499;5;0
11.6000003814697;10.773696822789;3.07435887748259;-0.299644085653994;-0.790992140769959;5;0
11.6999998092651;10.9152852604977;3.02407908386818;-0.38481304336426;-0.911498844623566;5;0
11.8000001907349;11.0513768800482;2.96130078937758;-0.47944736767647;-0.856148719787598;5;0
11.8999996185303;11.1818911994357;2.88749400391729;-0.542327101417754;-0.402309983968735;5;0
12;11.3096433118845;2.80829023460177;-0.560166268684838;0.0452576205134392;5;0
12.1000003814697;11.4377070057483;2.72969605502574;-0.533221880980704;0.494078099727631;5;0
12.1999998092651;11.5691579443928;2.65771759905257;-0.4611611543977;0.947547256946563;5;0
12.3000001907349;11.7064994281261;2.59754108736515;-0.366550165303919;0.885898530483246;5;0
12.3999996185303;11.8489755202627;2.54966439855195;-0.283772620447848;0.768433809280396;5;0
12.5;11.9947365449563;2.51300593165415;-0.209108862169955;0.752208173274994;5;0
12.6000003814697;12.1426597888636;2.48746992132914;-0.132254633196566;0.783579647541046;5;0
12.6999998092651;12.2920960244441;2.47359565869943;-0.0526896147811149;0.795401751995087;5;0
12.8000001907349;12.4422383025231;2.47163732855405;0.0264559955513741;0.786508798599243;5;0
12.8999996185303;12.5920934666951;2.48150711656709;0.105037447921064;0.783463895320892;5;0
13;12.7406898031525;2.50309171615157;0.183457073680189;0.783641397953033;5;0
13.1000003814697;12.887122629305;2.53625882626993;0.262108621112135;0.788158595561981;5;0
13.1999998092651;13.0304990359335;2.58084432659856;0.340807017794874;0.784680008888245;5;0
13.3000001907349;13.1699368187019;2.63655348476385;0.41941213320854;0.786240816116333;5;0
13.3999996185303;13.3045633185111;2.70304908493832;0.498101231566694;0.784580111503601;5;0
13.5;13.4335511591617;2.77990894073893;0.576665398589399;0.785524427890778;5;0
13.6000003814697;13.5561003226075;2.86666638758276;0.655391213408735;0.785138189792633;5;0
13.6999998092651;13.6714566030822;2.96278426347792;0.733952161780622;0.784903883934021;5;0
13.8000001907349;13.7789068621346;3.06766434364578;0.812669751158979;0.78581839799881;5;0
13.8999996185303;13.8777824297855;3.18066591499;0.891246315947797;0.784531831741333;5;0
14;13.967480547126;3.30108028383545;0.969929811469343;0.786757588386536;5;0
14.1000003814697;14.0474346055959;3.42817431692616;1.04854643057945;0.784394443035126;5;0
14.1999998092651;14.1171654718612;3.56115275702742;1.12717127513054;0.786918640136719;5;0
14.3000001907349;14.1762261205696;3.69920135731779;1.2058465452111;0.784497559070587;5;0
14.3999996185303;14.2242663207388;3.84146079714501;1.28442918967369;0.78597766160965;5;0
14.5;14.2609759186247;3.987054171465;1.36314522933128;0.784825563430786;5;0
14.6000003814697;14.2861385110749;4.13508258866403;1.4417012901223;0.785112977027893;5;0
14.6999998092651;14.2995958786507;4.28463173826803;1.5204149455941;0.785367727279663;5;0
14.8000001907349;14.3012609946246;4.43477675260161;1.5989962787545;0.785088121891022;5;0
14.8999996185303;14.2911251147726;4.58457986195924;1.67775833319786;0.786648154258728;5;0
15;14.2692421950253;4.73312051513682;1.75630819510582;0.783175826072693;5;0
15.1000003814697;14.2357807505883;4.8795070914158;1.83474099349144;0.784053087234497;5;0
15.1999998092651;14.190934198161;5.02283489969397;1.91341268729332;0.788167536258697;5;0
15.3000001907349;14.1349352640487;5.16213941684391;1.99279534529808;0.798638761043548;5;0
15.3999996185303;14.0680729899464;5.29648916005798;2.07191168974998;0.775509595870972;5;0
15.5;13.9909509533882;5.42531830056822;2.14799248885277;0.744528114795685;5;0
15.6000003814697;13.9042727688095;5.54815773772584;2.22354614447716;0.796739637851715;5;0
15.6999998092651;13.8081074396191;5.66358217199671;2.30932104300621;0.917975008487701;5;0
15.8000001907349;13.7020702813576;5.76947721908117;2.40359103392723;0.833171844482422;5;0
15.8999996185303;13.5877559639863;5.86653285956443;2.46417534064415;0.379427224397659;5;0
16;13.4695478837524;5.95939684771172;2.47974049758079;-0.067891538143158;5;0
16.1000003814697;13.3520394279125;6.05301434200909;2.45051705550316;-0.517076551914215;5;0
16.2000007629395;13.2398226356595;6.15232795220288;2.37616264533165;-0.970226347446442;5;0
16.2999992370605;13.13680858438;6.26131463235012;2.2819260330117;-0.879579484462738;5;0
16.3999996185303;13.043575102247;6.37922400906094;2.19973814200523;-0.76290363073349;5;0
16.5;12.9597514540396;6.50396598414889;2.12514412116173;-0.753762006759644;5;0
16.6000003814697;12.8856752451676;6.63452006066746;2.04813348960045;-0.785197198390961;5;0
16.7000007629395;12.822075057811;6.77045903065458;1.96851217459801;-0.794800758361816;5;0
16.7999992370605;12.7694460494448;6.91109215369855;1.88940942000511;-0.786226749420166;5;0
16.8999996185303;12.7280430952173;7.05545162220932;1.81084334563377;-0.783366024494171;5;0
17;12.6980885520414;7.20258803228034;1.73242294501426;-0.783768713474274;5;0
17.1000003814697;12.6797671659789;7.35160800305153;1.65374958228233;-0.787862420082092;5;0
17.2000007629395;12.6732253021761;7.50161446745811;1.57506787490013;-0.784637451171875;5;0
17.2999992370605;12.678482460713;7.65167694706705;1.49645411681297;-0.78645396232605;5;0
17.3999996185303;12.6955185299926;7.80085951953108;1.4177743167794;-0.784510970115662;5;0
17.5;12.7242151939891;7.94824438235464;1.33920478533867;-0.785701394081116;5;0
17.6000003814697;12.7644039787422;8.09291567369696;1.2604815931237;-0.785007953643799;5;0
17.7000007629395;12.8158339109866;8.2339856107074;1.18192124079826;-0.785023093223572;5;0
17.7999992370605;12.8781857548705;8.37057928187194;1.10319971751335;-0.785635590553284;5;0
17.8999996185303;12.9510786355801;8.50185096508601;1.0246292323983;-0.784597218036651;5;0
18;13.034052871889;8.62699265576838;0.945935127249983;-0.786520898342132;5;0
18.1000003814697;13.1266091757581;8.74522582865902;0.867329833022382;-0.784404873847961;5;0
18.2000007629395;13.2281605487094;8.8558281350119;0.788691637030866;-0.78717565536499;5;0
18.2999992370605;13.3380933348857;8.95810462343949;0.710029241553571;-0.78445428609848;5;0
18.3999996185303;13.4557156044371;9.05143436024629;0.631438610068586;-0.786183059215546;5;0
18.5;13.5803085950931;9.13522917065671;0.552729246131208;-0.784723103046417;5;0
18.6000003814697;13.7110993546167;9.20898248241934;0.474171039572981;-0.785256862640381;5;0
18.7000007629395;13.8472805411718;9.27223275912423;0.395456668845442;-0.785231828689575;5;0
18.7999992370605;13.9880110128737;9.32458928237563;0.316876170150068;-0.785208761692047;5;0
18.8999996185303;14.1324123695015;9.36572409531898;0.238107618800428;-0.786367356777191;5;0
19;14.2795979583541;9.39537788750257;0.159574446193006;-0.7831169962883;5;0
19.1000003814697;14.4286752835061;9.41340895152813;0.0811362833893563;-0.784104406833649;5;0
19.2000007629395;14.5787239590668;9.41968812343295;0.00244301270606773;-0.788548767566681;5;0
19.2999992370605;14.7287545172676;9.41410666959336;-0.0769916801535819;-0.799331963062286;5;0
19.3999996185303;14.8778008802801;9.39662854150789;-0.155984315165255;-0.773900985717773;5;0
19.5;15.0251364539823;9.36765074060634;-0.231912079342577;-0.74301141500473;5;0
19.6000003814697;15.1700662392695;9.32765467150472;-0.307753178366396;-0.802529573440552;5;0
19.7000007629395;15.3111808167535;9.27615506235901;-0.394136968144152;-0.924479484558106;5;0
19.7999992370605;15.4466401816385;9.21208973544863;-0.487893770524237;-0.810159564018249;5;0
19.8999996185303;15.5767341944404;9.13746134564346;-0.546183194109175;-0.356568366289139;5;0
20;15.7043772887669;9.05804576684947;-0.55947543967602;0.0905315428972244;5;0
20.1000003814697;15.83264471773;8.97984854702682;-0.527971508988116;0.540095329284668;5;0
20.2000007629395;15.9646107972394;8.90887763670355;-0.451324555166933;0.992817938327789;5;0
20.2999992370605;16.102560044398;8.85000181372274;-0.357608947046969;0.873294711112976;5;0
20.3999996185303;16.245450516641;8.80330800392562;-0.276007357128832;0.757417619228363;5;0
20.5;16.3914643033167;8.76775872474267;-0.201447191723559;0.755321323871612;5;0
20.6000003814697;16.539571407233;8.7433818941455;-0.124279650934908;0.786815285682678;5;0
20.7000007629395;16.6891207841848;8.73071545580086;-0.0446134834372733;0.794215381145477;5;0
20.7999992370605;16.8392796955287;8.72996179919578;0.0344479651367928;0.785961449146271;5;0
20.8999996185303;16.9890498861639;8.74102707532298;0.11299955557945;0.783279597759247;5;0
21;17.1374676692782;8.76379323019882;0.191422101966169;0.783907353878021;5;0
21.1000003814697;17.2836307648493;8.79812889998767;0.270115193835524;0.787578880786896;5;0
21.2000007629395;17.4266469650393;8.84385724892891;0.348781404010084;0.784607946872711;5;0
21.2999992370605;17.5656361155657;8.90067774335607;0.42740499686363;0.786679923534393;5;0
21.3999996185303;17.6997271971285;8.96824678024563;0.506074187270429;0.784454345703125;5;0
21.5;17.8280981643963;9.04613232833843;0.584650394431379;0.785890698432922;5;0
21.6000003814697;17.9499507570325;9.13386649229004;0.663369175902631;0.784890294075012;5;0
21.7000007629395;18.0645368616913;9.23090085882157;0.741930362693098;0.785154819488525;5;0
21.7999992370605;18.1711455078849;9.33663655829611;0.820654150954511;0.785465240478515;5;0
21.8999996185303;18.2691169308764;9.45042314943544;0.89922010611656;0.784675240516663;5;0
22;18.3578497192127;9.57155012189972;0.977923151961591;0.786296486854553;5;0
22.1000003814697;18.4367872246878;9.69927736811775;1.05651831339958;0.784428000450134;5;0
22.2000007629395;18.505454239641;9.832807755235;1.13517117213371;0.787348389625549;5;0
22.2999992370605;18.5634114144165;9.97132428134743;1.21381902407768;0.784423649311066;5;0
22.3999996185303;18.6103151386167;10.1139621168535;1.29241907309654;0.786400556564331;5;0
22.5;18.6458608251857;10.2598448247022;1.37112021159294;0.784633278846741;5;0
22.6000003814697;18.6698426761838;10.4080687069279;1.44968187522056;0.785414755344391;5;0
22.7000007629395;18.6821038785835;10.5577202146092;1.52839553069237;0.785108983516693;5;0
22.7999992370605;18.6825718788036;10.7078739506906;1.60697614859703;0.785336256027222;5;0
22.8999996185303;18.6712386941727;10.8575907390556;1.68574869345787;0.786093056201935;5;0
23;18.6481726370738;11.0059530734946;1.76426684569481;0.783091127872467;5;0
23.1000003814697;18.6135456214374;11.1520704461402;1.84271466445091;0.784211397171021;5;0
23.2000007629395;18.5675553409348;11.2950342979563;1.92142951201561;0.788878679275513;5;0
23.2999992370605;18.5104383885889;11.4338756519784;2.00090491484764;0.7998406291008;5;0
23.3999996185303;18.4425032047197;11.567686988475;2.07975923728111;0.772478640079498;5;0
23.5;18.3643810283014;11.6959320072265;2.15557777594688;0.74218487739563;5;0
23.6000003814697;18.2767485726657;11.8181019418159;2.23178231429222;0.808009743690491;5;0
23.7000007629395;18.1795956610149;11.9326496825828;2.31864773940208;0.928734481334686;5;0
23.7999992370605;18.0725885982756;12.0375386536589;2.41151702117088;0.78706419467926;5;0
23.8999996185303;17.9576820804125;12.1339655239865;2.46786558341148;0.3408083319664;5;0
24;17.8392825933661;12.2265985532269;2.48136365126732;0.0123256342485547;5;0
24.1000003814697;17.7204713998845;12.318734012991;2.4825993747628;0.0123322429135442;5;0
24.2000007629395;17.601564672566;12.4107093431003;2.48383557509544;0.0123386885970831;5;0
24.2999992370605;17.4825607120484;12.5025239871293;2.48507225226524;0.0123449703678489;5;0
24.3999996185303;17.3634603388391;12.5941791168843;2.4863094062722;0.0123510872945189;5;0
24.5;17.2442624394789;12.6856737656858;2.48754703711632;0.0123570403084159;5;0
24.6000003814697;17.1249675415239;12.7770093104671;2.48878514479759;0.012362826615572;5;0
24.7000007629395;17.0055745315149;12.8681847845489;2.49002349089744;0.0123684480786324;5;0
24.7999992370605;16.8860839370079;12.9592015648643;2.49126231383446;0.012373904697597;5;0
24.8999996185303;16.7664949374952;13.0500584796069;2.49250161360862;0.0123791936784983;5;0
25;16.6468074746297;13.1407573159641;2.49374115180137;0.0123843178153038;5;0
25.1000003814697;16.527021841363;13.2312978688087;2.49498116683128;0.0123892743140459;5;0
25.2000007629395;16.4071358107765;13.3216782047819;2.49622142027977;0.0123940641060472;5;0
25.2999992370605;16.2871515514418;13.4119020444298;2.49746215056541;0.012398686259985;5;0
25.3999996185303;16.1670674223433;13.5019670441396;2.49870311926964;0.0124031417071819;5;0
25.5;16.046882837578;13.5918736141651;2.49994432639244;0.0124074295163155;5;0
25.6000003814697;15.9265986176535;13.6816229263126;2.5011860103524;0.012411548756063;5;0
25.7000007629395;15.8062133561589;13.7712142190298;2.50242769431236;0.0124154994264245;5;0
25.7999992370605;15.685727873602;13.8606486641229;2.50366985510948;0.0124192824587226;5;0
25.8999996185303;15.5651415840794;13.9499266718458;2.50491225432518;0.0124228969216347;5;0
26;15.4444536670836;14.039047070392;2.50615513037803;0.0124263428151608;5;0
26.1000003814697;15.3236638296629;14.1280100648886;2.50739800643089;0.0124296192079782;5;0
26.2000007629395;15.2027725993734;14.2168170322688;2.50864112090233;0.0124327270314097;5;0
26.2999992370605;15.0817795367877;14.305468280223;2.50988447379234;0.0124356644228101;5;0
26.3999996185303;14.9606836749223;14.3939627395082;2.51112806510093;0.0124384332448244;5;0
26.5;14.8394845743499;14.4823007178149;2.51237189482811;0.0124410325661302;5;0
26.6000003814697;14.718183055578;14.5704833869494;2.51361572455528;0.0124434614554048;5;0
26.7000007629395;14.5967786791794;14.6585110546022;2.51486003111961;0.0124457208439708;5;0
26.7999992370605;14.4752703316947;14.7463827540937;2.51610433768394;0.0124478098005056;5;0
26.8999996185303;14.3536577201724;14.8340986905508;2.51734864424827;0.0124497292563319;5;0
27;14.2319415186442;14.9216601383435;2.51859318923118;0.0124514773488045;5;0
27.1000003814697;14.1101213609208;15.0090673538803;2.51983797263267;0.0124530559405685;5;0
27.2000007629395;13.9881961335428;15.0963193704818;2.52108275603416;0.0124544641003013;5;0
27.2999992370605;13.8661655435586;15.1834163932749;2.52232753943565;0.0124557008966804;5;0
27.3999996185303;13.7440301917623;15.2703597479111;2.52357256125572;0.0124567672610283;5;0
27.5;13.6217897485832;15.3571496651584;2.52481758307579;0.0124576631933451;5;0
27.6000003814697;13.499443137181;15.4437851526962;2.52606260489586;0.0124583886936307;5;0
27.7000007629395;13.3769909217308;15.5302675618172;2.5273078651345;0.0124589437618852;5;0
27.7999992370605;13.2544319704638;15.6165959386621;2.52855288695457;0.0124593274667859;5;0
27.8999996185303;13.1317660270474;15.7027704627172;2.52979814719322;0.0124595398083329;5;0
28;13.0089944441226;15.7887936795169;2.53104340743187;0.0124595817178488;5;0
28.1000003814697;12.8861144901018;15.8746622627435;2.53228866767051;0.0124594531953335;5;0
28.2000007629395;12.7631275084712;15.9603787643418;2.53353368949058;0.0124591533094645;5;0
28.2999992370605;12.6400332383209;16.045943367003;2.53477894972923;0.0124586829915643;5;0
28.3999996185303;12.5168305661915;16.1313551040475;2.5360239715493;0.0124580422416329;5;0
28.5;12.3935200928772;16.216615301127;2.53726923178795;0.0124572301283479;5;0
28.6000003814697;12.2701006316806;16.3017230428437;2.53851401518944;0.0124562475830317;5;0
28.7000007629395;12.1465727467768;16.3866796804901;2.5397590370095;0.0124550946056843;5;0
28.7999992370605;12.0229353979445;16.471484196105;2.54100382041099;0.0124537702649832;5;0
28.8999996185303;11.8991890395018;16.5561380179033;2.54224860381248;0.0124522764235735;5;0
29;11.7753327044652;16.6406400766422;2.54349314879539;0.0124506112188101;5;0
29.1000003814697;11.6513667006772;16.7249919031002;2.5447376937783;0.0124487765133381;5;0
29.2000007629395;11.5272902808678;16.8091922741891;2.54598200034263;0.0124467704445124;5;0
29.2999992370605;11.4031036796417;16.8932427719692;2.54722630690696;0.0124445958063006;5;0
29.3999996185303;11.2788059300154;16.9771423271975;2.54847037505272;0.0124422498047352;5;0
29.5;11.154397413069;17.0608924193709;2.54971420477989;0.0124397343024611;5;0
29.6000003814697;11.029877308295;17.1444918766828;2.55095779608848;0.0124370492994785;5;0
29.7000007629394;10.9052459967736;17.2279421786302;2.55220138739708;0.0124341947957873;5;0
29.7999992370605;10.7805023650455;17.3112423585334;2.55344474028709;0.0124311707913876;5;0
29.8999996185303;10.6556470871427;17.3943936907625;2.55468761633995;0.0124279772862792;5;0
30;10.53067890313;17.4773953112012;2.5559304923928;0.0124246152117848;5;0
30.1000003814697;10.4055983405635;17.5602485967831;2.55717313002708;0.0124210836365819;5;0
30.2000007629395;10.2804044324598;17.642952478265;2.5584152908242;0.0124173844233155;5;0
30.2999992370605;10.1550977063749;17.7255083325804;2.55965745162132;0.0124135157093406;5;0
30.3999996185303;10.0296778693572;17.8079163648562;2.56089913558128;0.0124094793573022;5;0
30.5;9.90414298743972;17.8901744366065;2.56214058112266;0.0124052744358778;5;0
30.6000003814697;9.77849522919398;17.9722862683773;2.56338154982689;0.01240090187639;5;0
30.7000007629395;9.65273266065298;18.0542497216829;2.56462251853111;0.0123963616788387;5;0
30.7999992370605;9.52685498886513;18.1360650016501;2.56586301039818;0.012391653843224;5;0
30.8999996185303;9.40086274138649;18.2177334852122;2.56710302542808;0.0123867793008685;5;0
31;9.2747550977094;18.2992540005629;2.56834280203941;0.0123817380517721;5;0
31.1000003814697;9.14853199948673;18.3806283348894;2.56958234023216;0.0123765300959349;5;0
31.2000007629395;9.02219403262168;18.4618560779377;2.57082116316917;0.0123711563646793;5;0
31.2999992370605;8.89573920480017;18.5429368784091;2.57205998610618;0.0123656159266829;5;0
31.3999996185303;8.76916780897381;18.6238705311768;2.57329809378746;0.0123599106445909;5;0
31.5;8.64248007974707;18.7046586183009;2.57453596305015;0.0123540395870805;5;0
31.6000003814697;8.51567601711995;18.7853011397815;2.57577335547569;0.0123480036854744;5;0
31.7000007629395;8.38875450763317;18.865797128939;2.57701027106407;0.0123418029397726;5;0
31.7999992370605;8.26171496538355;18.9461469960274;2.57824670981529;0.0123354382812977;5;0
31.8999996185303;8.13455821087874;19.0263519128531;2.57948267172935;0.0123289097100496;5;0
32;8.007275042277;19.1063956202981;2.58213484000328;0.123725868761539;5;0
32.0999984741211;7.87890234521541;19.1843801511795;2.61662304114464;0.566597580909729;5;0
32.2000007629395;7.74664156730128;19.2547942644383;2.69552218627098;0.992249429225922;5;0
32.2999992370605;7.60838963910599;19.3130158462623;2.78837954711082;0.865772843360901;5;0
32.4000015258789;7.46530513319422;19.3591295237536;2.86936127852562;0.752512395381928;5;0
32.5;7.31917138220109;19.3941271379871;2.94398653220299;0.757309079170227;5;0
32.5999984741211;7.17097454511331;19.4179206575663;3.02133047293785;0.788388133049011;5;0
32.7000007629395;7.02136965198004;19.4299815722306;3.10101568411949;0.793515861034393;5;0
32.7999992370605;6.87120667210584;19.4301321004274;-3.10315484492289;0.785702586174011;5;0
32.9000015258789;6.72148339259858;19.4184716578524;-3.02461404292094;0.783241748809814;5;0
33;6.57315846053007;19.3951148420251;-2.94618625132548;0.784064650535584;5;0
33.0999984741211;6.42713321872085;19.3601954193491;-2.86747593371378;0.78729784488678;5;0
33.2000007629395;6.28429940701569;19.3138957922734;-2.78882450549113;0.784588813781738;5;0
33.2999992370605;6.14553870401834;19.2565224124515;-2.71018976656901;0.786920845508575;5;0
33.4000015258789;6.01171955081138;19.1884189418621;-2.63153261630045;0.784411013126373;5;0
33.5;5.88365930550063;19.110020693795;-2.5529484221171;0.786092042922974;5;0
33.5999984741211;5.76215833864703;19.0218010713279;-2.47423548190104;0.784785091876984;5;0
33.7000007629395;5.64795984176635;18.9243101877102;-2.39567226855265;0.785299181938172;5;0
33.7999992370605;5.54177525455527;18.8181500766993;-2.31694740740763;0.785307347774506;5;0
33.9000015258789;5.44425766221098;18.7039741103054;-2.23838514773356;0.784765839576721;5;0
34;5.35600988259767;18.5824935604208;-2.15967459170329;0.786084473133087;5;0
34.0999984741211;5.27758188438137;18.4544514653487;-2.08108801333414;0.784463703632355;5;0
34.2000007629395;5.20944875852883;18.3206485323179;-2.00242132632243;0.787083208560944;5;0
34.2999992370605;5.15204469826108;18.1819018811428;-1.92378754107462;0.784405767917633;5;0
34.4000015258789;5.10571038445981;18.039078392694;-1.84517712084757;0.786631166934967;5;0
34.5;5.07074724006038;17.8930549732316;-1.76648563830363;0.784555673599243;5;0
34.5999984741211;5.04735731297888;17.7447362001839;-1.68791908709513;0.785581886768341;5;0
34.7000007629395;5.03569366621919;17.5950365019351;-1.6092080542277;0.784998953342438;5;0
34.7999992370605;5.03582451743567;17.4448825652573;-1.53062529055583;0.785488903522491;5;0
34.9000015258789;5.04775644288861;17.2952128047144;-1.45184940783488;0.785838782787323;5;0
35;5.07141374684212;17.1469429110675;-1.37334675280558;0.783033728599548;5;0
35.0999984741211;5.10662193714842;17.0009634511388;-1.29489559618937;0.78425794839859;5;0
35.2000007629395;5.15318214832981;16.8581838044723;-1.21615452258097;0.789360344409942;5;0
35.2999992370605;5.21085731937026;16.7195785147207;-1.13661140887248;0.800763607025147;5;0
35.4000015258789;5.27932939846243;16.5860426219992;-1.0579008528422;0.770691454410553;5;0
35.5;5.35794815826104;16.4580890493543;-0.982276863736978;0.739998877048492;5;0
35.5999984741211;5.44605071737087;16.3362500582862;-0.905750698728433;0.814235329627991;5;0
35.7000007629395;5.54369648304994;16.2221430668391;-0.818139977140298;0.937568604946136;5;0
35.7999992370605;5.65120496835273;16.1177918789214;-0.725856251401773;0.764055848121643;5;0
35.9000015258789;5.7664079107148;16.0216935738666;-0.672154850644937;0.310921132564545;5;0
36;5.88480628065407;15.9290333855202;-0.663406796140542;-0.135837659239769;5;0
36.0999984741211;6.00180534345821;15.8348679720608;-0.699475235624185;-0.586187481880188;5;0
36.2000007629394;6.11281382148695;15.7342533173311;-0.780493683500161;-0.988815426826477;5;0
36.2999992370606;6.21431031954353;15.6237664970964;-0.872937626523843;-0.860831081867218;5;0
36.4000015258789;6.30609373917142;15.5046921695091;-0.953376717252603;-0.746579110622406;5;0
36.5;6.38847796534966;15.3790336306497;-1.02797598330485;-0.758455455303192;5;0
36.5999984741211;6.46100559733216;15.2476315629215;-1.10545868365275;-0.790051937103271;5;0
36.7000007629394;6.52295707791515;15.1109216987525;-1.18518204180705;-0.793091773986816;5;0
36.7999992370606;6.57389216285888;14.9696576151527;-1.26416534869181;-0.785480856895447;5;0
36.9000015258789;6.6135657051968;14.8248160249543;-1.34269041506754;-0.78314083814621;5;0
37;6.64176015132791;14.6773351102544;-1.42112059084879;-0.784218728542328;5;0
37.0999984741211;6.65829468086347;14.5281063762933;-1.49984688250529;-0.78704971075058;5;0
37.2000007629394;6.66303998062902;14.3780306672051;-1.57848591296183;-0.784588038921356;5;0
37.2999992370606;6.65598645376778;14.2280420051035;-1.65713304965006;-0.787170052528381;5;0
37.4000015258789;6.63716487604454;14.0790740842013;-1.73577637164103;-0.784378707408905;5;0
37.5;6.60670786098236;13.9320451737712;-1.81436962573039;-0.786306262016296;5;0
37.5999984741211;6.56478698709899;13.7878637228231;-1.89307541338908;-0.784692883491516;5;0
37.7000007629394;6.51167432260674;13.6474202066873;-1.97164196459757;-0.78545606136322;5;0
37.7999992370606;6.44768986430199;13.5115837650626;-2.05036587206828;-0.785161972045898;5;0
37.9000015258789;6.37323188905328;13.3811931739999;-2.12892622439371;-0.784869074821472;5;0
38;6.28876359350599;13.2570539765573;-2.20764250246989;-0.785884916782379;5;0
38.0999984741211;6.19479967543994;13.1399374006425;-2.2862214514445;-0.784512102603912;5;0
38.2000007629394;6.09193135134962;13.0305593488505;-2.36490053622233;-0.786830425262451;5;0
38.2999992370606;5.98078170989074;12.9296064213201;-2.44352144686686;-0.784400522708893;5;0
38.4000015258789;5.86205070730046;12.8376904389458;-2.52214378802287;-0.786873757839203;5;0
38.5;5.73646243732541;12.7553940970315;-2.60082430331217;-0.784490704536438;5;0
38.5999984741211;5.60479887413884;12.6832106652724;-2.67939609972941;-0.785762965679169;5;0
38.7000007629394;5.46786923398085;12.6215968749427;-2.75810379473673;-0.784901976585388;5;0
38.7999992370606;5.32652344606804;12.5709285598217;-2.83668941943156;-0.78564840555191;5;0
38.9000015258789;5.18164119912207;12.5315292818819;-2.91546577898966;-0.785591065883637;5;0
39;5.03410873255026;12.5036359386498;-2.99395555941569;-0.783009231090546;5;0
39.0999984741211;4.88482240899596;12.4873857836865;-3.07241363017069;-0.78436017036438;5;0
39.2000007629394;4.73471128620342;12.4829054015215;3.13200437735679;-0.789790570735932;5;0
39.2999992370606;4.58477203903724;12.4903019719799;3.05240523528221;-0.800877869129181;5;0
39.4000015258789;4.43594501542018;12.5095666918827;2.97385227393272;-0.769090950489044;5;0
39.5;4.28892668347088;12.5402476888104;2.89837944220665;-0.738503396511078;5;0
39.5999984741211;4.14446045163882;12.5819283293201;2.821455118171;-0.820150315761566;5;0
39.7000007629394;4.00409252827332;12.6352792640553;2.73322617720726;-0.944150865077972;5;0
39.7999992370606;3.8695771161631;12.7012376387506;2.64190303992393;-0.740976750850678;5;0
39.9000015258789;3.74005451160482;12.7769826135879;2.59049427222374;-0.288131505250931;5;0
40;3.61251475019384;12.8566000120284;2.58401739310386;0.158507540822029;5;0
40.0999984741211;3.48388257881839;12.934084286112;2.62237035941246;0.609256565570831;5;0
40.2000007629395;3.35108526423678;13.0034316161107;2.70535337638023;0.982103705406189;5;0
40.2999992370606;3.21226067514885;13.0603777006337;2.79716098021629;0.854653835296631;5;0
40.4000015258789;3.06878563916052;13.1053188672852;2.87702429007652;0.741226971149444;5;0
40.5;2.92240967244289;13.1391999092348;2.95169579695823;0.760029852390289;5;0
40.5999984741211;2.7740405177607;13.1618270401664;3.02933704566124;0.791669905185699;5;0
40.7000007629395;2.62433654614892;13.1726790152624;3.10907232474449;0.792553722858429;5;0
40.7999992370606;2.47417222666405;13.1716255123453;-3.09516615359293;0.785265743732453;5;0
40.9000015258789;2.32454745663825;13.158771454844;-3.01665324656474;0.783088564872742;5;0
41;2.17641561001453;13.1342351325626;-2.93821758715617;0.784391403198242;5;0
41.0999984741211;2.03067404498529;13.0981496093072;-2.85947794405924;0.78680419921875;5;0
41.2000007629394;1.88821403461829;13.050711585024;-2.7808503576945;0.78459769487381;5;0
41.2999992370606;1.74991555876281;12.9922313203454;-2.70219034640299;0.787030637264252;5;0
41.4000015258789;1.61664330969373;12.9230620875216;-2.62356085268961;0.784359693527222;5;0
41.5;1.48921400187451;12.843645762688;-2.54495710818278;0.786532461643219;5;0
41.5999984741211;1.36842150197581;12.7544576834971;-2.46626038043009;0.784613132476806;5;0
41.7000007629394;1.25500431550377;12.6560599760378;-2.38768953768717;0.785625517368317;5;0
41.7999992370606;1.14966989752692;12.5490539714701;-2.30896801440226;0.785029172897339;5;0
41.9000015258789;1.05306682288219;12.4341040584867;-2.23040861575114;0.784984827041626;5;0
42;0.965791581192828;12.3119224473979;-2.15168756930338;0.785697758197784;5;0
42.0999984741211;0.888387755144791;12.1832592675163;-2.07311529604899;0.784573078155517;5;0
42.2000007629394;0.821325103620903;12.0489163401381;-1.99442476717936;0.786590039730072;5;0
42.2999992370606;0.765030789003826;11.9097157081234;-1.91581577746378;0.78440797328949;5;0
42.4000015258789;0.719837816478524;11.7665270074257;-1.83718008486735;0.787128686904907;5;0
42.5;0.686042101247112;11.6202292545293;-1.75851292101847;0.784438252449035;5;0
42.5999984741211;0.663835202707207;11.47172825884;-1.6799334952067;0.78595632314682;5;0
42.7000007629395;0.653367429996067;11.3219395038541;-1.60123104540812;0.7848179936409;5;0
42.7999992370606;0.654696746854074;11.1717924903816;-1.52264112917887;0.785820782184601;5;0
42.9000015258789;0.667824338502487;11.0222241688361;-1.44386620013224;0.785354435443878;5;0
43;0.692662320716528;10.8741465401263;-1.36538881747233;0.78299617767334;5;0
43.0999984741211;0.729032978272818;10.7284480620661;-1.28692287890421;0.784479200839996;5;0
43.2000007629395;0.77673211482572;10.5860479590755;-1.20812744585978;0.790237069129944;5;0
43.2999992370606;0.835522083456027;10.4479211850611;-1.12847942797648;0.799267649650574;5;0
43.4000015258789;0.905058167072953;10.314933427239;-1.05008739916789;0.767493724822998;5;0
43.5;0.984664703809313;10.1875700134661;-0.974764771146646;0.73701536655426;5;0
43.5999984741211;1.07371796203376;10.0664178698896;-0.897405094785562;0.826105952262878;5;0
43.7000007629394;1.17235758432294;9.95321897854675;-0.808555550260413;0.95075649023056;5;0
43.7999992370606;1.28081839579158;9.84987744344373;-0.718342251462808;0.717886805534363;5;0
43.9000015258789;1.39655534520361;9.75435348093415;-0.669224686307778;0.265363395214081;5;0
44;1.51502075912772;9.66176597163006;-0.665018982572427;-0.181191012263298;5;0
44.0999984741211;1.63162148491181;9.56717133910563;-0.705657906217446;-0.63233757019043;5;0
44.2000007629394;1.7417706993607;9.46563379932601;-0.790455288572183;-0.97540694475174;5;0
44.2999992370606;1.84226096815709;9.35417506962956;-0.881629414243569;-0.848513960838318;5;0
44.4000015258789;1.933083132685;9.23435143264895;-0.960920281095376;-0.735919713973999;5;0
44.5;2.01450014749258;9.10809095425044;-1.03569931475626;-0.761608779430389;5;0
44.5999984741211;2.08598633283149;8.97612932225454;-1.11349958865153;-0.793287217617035;5;0
44.7000007629394;2.14683221158651;8.83891354742189;-1.1932358214091;-0.792031586170197;5;0
44.7999992370606;2.19663557460654;8.69724217392093;-1.27214760272013;-0.78506737947464;5;0
44.9000015258789;2.23515244673143;8.55209109407629;-1.35064930407511;-0.783047735691071;5;0
45;2.26217218789631;8.4043927759089;-1.42909187762247;-0.784575343132019;5;0
45.0999984741211;2.27751333285414;8.25503655669561;-1.50784248797404;-0.786571443080902;5;0
45.2000007629395;2.28106104218505;8.10492711659487;-1.5864595839213;-0.784620344638824;5;0
45.2999992370606;2.27281040686584;7.9549995610942;-1.66513151614176;-0.786779642105103;5;0
45.4000015258789;2.25280011296246;7.806186411384;-1.74374813525187;-0.784353196620941;5;0
45.5;2.22117097725077;7.65940455858754;-1.8223633238505;-0.78677088022232;5;0
45.5999984741211;2.17810026223913;7.51556371073803;-1.90104956118571;-0.784546077251434;5;0
45.7000007629395;2.12386829713176;7.37554681242481;-1.97962612597453;-0.785807430744171;5;0
45.7999992370606;2.05880090949546;7.24022634250847;-2.05834383456217;-0.784908890724182;5;0
45.9000015258789;1.98330563334772;7.11043372194841;-2.13690371005045;-0.785113155841828;5;0
46;1.89784812624897;6.9869736438176;-2.21562761752116;-0.785523056983948;5;0
46.0999984741211;1.80295313415808;6.87060986362999;-2.29419512240397;-0.784646689891815;5;0
46.2000007629394;1.69921442230926;6.76205693591665;-2.3728947111796;-0.786361932754517;5;0
46.2999992370606;1.58726304739854;6.66199413520266;-2.4514932104777;-0.784428119659424;5;0
46.4000015258789;1.4678025394294;6.57102903367221;-2.53014368502604;-0.787395894527435;5;0
46.5;1.34156091721352;6.48973808560496;-2.60879654376017;-0.784398376941681;5;0
46.5999984741211;1.2093258376988;6.4186070889104;-2.68738407580363;-0.78616201877594;5;0
46.7000007629394;1.07190780562598;6.35808837998067;-2.76608032671915;-0.784747004508972;5;0
46.7999992370606;0.93016290158728;6.30854911952541;-2.84467548815714;-0.786006033420563;5;0
46.9000015258789;0.78497084317391;6.2703097932214;-2.92344684092509;-0.785129010677338;5;0
47;0.637219713503513;6.24359247354171;-3.00191325633036;-0.782994627952576;5;0
47.0999984741211;0.487806021391261;6.22853212878184;-3.0803880163859;-0.784615218639374;5;0
47.2000007629394;0.337666588102789;6.22525209031015;3.1239727706826;-0.79069972038269;5;0
47.2999992370606;0.187800578895263;6.23385997707505;3.04428660582664;-0.797655344009399;5;0
47.4000015258789;0.0391283258621775;6.25430904775359;2.9660547943032;-0.765899896621704;5;0
47.5;-0.107670963624542;6.2861171674787;2.89088165473106;-0.735535025596619;5;0
47.5999984741211;-0.251807288435355;6.32893112652484;2.81304967116478;-0.832101881504059;5;0
47.7000007629395;-0.391652156065064;6.3835316074268;2.72357618521812;-0.957384169101715;5;0
47.7999992370606;-0.5255498246458;6.45071513915136;2.63462245177391;-0.694791078567505;5;0
47.9000015258789;-0.654730662830517;6.52712715293516;2.58779561232689;-0.242615789175034;5;0
48;-0.782241030313076;6.60680211788497;2.5858606071389;0.203889772295952;5;0
48.0999984741211;-0.911156297507524;6.68373369501053;2.62878644179466;0.6554274559021;5;0
48.2000007629395;-1.04453926373876;6.75193162818201;2.71524870108726;0.968726813793182;5;0
48.2999992370606;-1.18392312394645;6.80760637385761;2.80579149436119;0.842412114143371;5;0
48.4000015258789;-1.32776384260862;6.85139430430377;2.88451516341331;0.733030080795288;5;0
48.5;-1.47437092115154;6.88415842084679;2.95943486403587;0.763192117214203;5;0
48.5999984741211;-1.62290679847817;6.90561218942363;3.03739440154197;0.794903576374054;5;0
48.7000007629394;-1.77270217287175;6.91525246986874;3.11712133597496;0.791525423526764;5;0
48.7999992370606;-1.92285728449374;6.9129962820775;-3.08718580691325;0.784885823726654;5;0
48.9000015258789;-2.07237258731068;6.8989505417929;-3.00869459597575;0.783018350601196;5;0
49;-2.22030258820321;6.87323600095002;-2.93024439303385;0.784770488739014;5;0
49.0999984741211;-2.36575148156158;6.8359872470681;-2.85148424593912;0.786351442337036;5;0
49.2000007629394;-2.50782920851683;6.78741296315134;-2.77287620989787;0.784656047821045;5;0
49.2999992370606;-2.6456559200447;6.72783070505652;-2.69419426409708;0.786540806293488;5;0
49.4000015258789;-2.77837183035363;6.65760045496313;-2.61558956591593;0.784359216690063;5;0
49.5;-2.90516337375386;6.57716956817412;-2.53696150271403;0.787021517753601;5;0
49.5999984741211;-3.02524011056127;6.48701971119105;-2.45828718630778;0.784491539001465;5;0
49.7000007629394;-3.13786892509276;6.38772027676166;-2.37970346896159;0.786001741886139;5;0
49.7999992370606;-3.24234426616119;6.27987611207307;-2.30099100558268;0.784801423549652;5;0
49.9000015258789;-3.3380282808366;6.16415998654407;-2.22242922274577;0.785254120826721;5;0
50;-3.42432417180535;6.04128454991237;-2.14370436160075;0.785360336303711;5;0
50.0999984741211;-3.50069938597883;5.91200787278931;-2.0651406714152;0.784733712673187;5;0
50.2000007629395;-3.56668719655366;5.77713368126438;-1.98643297640787;0.786148846149444;5;0
50.2999992370606;-3.62186905404581;5.6374891758484;-1.90784353701579;0.784456074237823;5;0
50.4000015258789;-3.66591790073497;5.49394422770712;-1.82917971102702;0.787186801433563;5;0
50.5;-3.69854470608562;5.34738049110529;-1.75054211108195;0.784390091896057;5;0
50.5999984741211;-3.71956596717313;5.19870723373671;-1.67193979708659;0.786464750766754;5;0
50.7000007629395;-3.7288357107871;5.04884122881446;-1.59324831454264;0.784635663032532;5;0
50.7999992370606;-3.72630856425653;4.8987102063719;-1.51466412035929;0.78587794303894;5;0
50.9000015258789;-3.71198910004466;4.74924663502815;-1.43592447726237;0.784973204135895;5;0
51;-3.68597432809218;4.60136694096326;-1.35740751711833;0.784172296524048;5;0
51.0999984741211;-3.64843369191726;4.4559763832519;-1.278784222288;0.785315155982971;5;0
51.2000007629394;-3.59958487374444;4.31398365555513;-1.20009560076701;0.787287712097168;5;0
51.2999992370606;-3.53971076127254;4.17630408929174;-1.12098593203532;0.790407955646515;5;0
51.4000015258789;-3.46917517665735;4.04378356887911;-1.04259771792399;0.776209592819214;5;0
51.5;-3.38853175829519;3.91709790088521;-0.965429730100503;0.76562637090683;5;0
51.5999984741211;-3.29830337762815;3.79698803081789;-0.886890835447183;0.806307256221771;5;0
51.7000007629394;-3.19873231349584;3.68462057215738;-0.803658909482827;0.857457876205444;5;0
51.7999992370606;-3.09011692659786;3.58110324436287;-0.721412605924478;0.739156484603882;5;0
51.9000015258789;-2.97407651610445;3.48582686465363;-0.656506008787027;0.558608531951904;5;0
52;-2.85297390524361;3.39716216269368;-0.612303681058755;0.267745345830917;5;0
52.0999984741211;-2.72966982777207;3.31177553449546;-0.605766226147238;-0.124064020812511;5;0
52.2000007629394;-2.60673838472237;3.22582742444786;-0.612740940732827;-0.015455724671483;5;0
52.2999992370606;-2.4839659493183;3.13963975784485;-0.610899395627847;0.0181479528546333;5;0
52.4000015258789;-2.36106099143912;3.05365195253826;-0.610531630768377;-0.00861586444079876;5;0
52.5;-2.23818548595776;2.96761959082781;-0.611003346128335;-0.000821139372419566;5;0
52.5999984741211;-2.11531924711462;2.88157274797612;-0.610863000636186;0.00122561492025852;5;0
52.7000007629395;-1.99244408378377;2.79553989762407;-0.610843539087795;-0.000597850128542632;5;0
52.7999992370606;-1.86957129678664;2.70950365351578;-0.610875553769937;-3.82290709239896E-05;5;0
52.9000015258789;-1.74669878661868;2.62346639054928;-0.610864761924858;8.24414819362573E-05;5;0
53;-1.62382591584647;2.5374302660842;-0.610863836493535;-4.1435534512857E-05;5;0
53.0999984741211;-1.5009532264202;2.45139388263027;-0.610866017026773;-1.25661767924612E-06;5;0
53.2000007629395;-1.37808027544347;2.36535724920395;-0.610865182819192;5.52029450773262E-06;5;0
53.2999992370606;-1.25520757280309;2.27932088462172;-0.61086514838066;-2.86809654426179E-06;5;0
53.4000015258789;-1.13233459086274;2.19328429541603;-0.610865063352456;1.66234084275629E-08;5;0
53.5;-1.00946190347418;2.10724790905195;-0.610865232806935;3.67706036286108E-07;5;0
53.5999984741211;-0.886589213060987;2.02121152700749;-0.610865232498791;-1.98254397787423E-07;5;0
53.7000007629394;-0.763716230712131;1.93517493838521;-0.610865063352456;8.91033202776725E-09;5;0
53.7999992370606;-0.640843541384674;1.84913855479016;-0.610865237715148;2.42651090331947E-08;5;0
53.9000015258789;-0.517970558902726;1.76310196635795;-0.610865237853413;-1.37293456603516E-08;5;0
54;-0.39509786944708;1.67706558294597;-0.610865063352456;1.85704329691561E-09;5;0
54.0999984741211;-0.272225033514036;1.59102909697282;-0.610865238135898;3.87459370143617E-10;5;0
54.2000007629394;-0.149352344053273;1.50499271356815;-0.610865063352456;-1.2201464283379E-09;5;0
54.2999992370606;-0.0264795081179412;1.41895622759826;-0.610865237927784;9.82456782594454E-09;5;0
54.4000015258789;0.096393327865752;1.33291974169745;-0.610865237961991;-1.81678405652974E-08;5;0
54.5;0.219266163701087;1.24688325558475;-0.610865063352456;1.21963117383217E-09;5;0
54.5999984741211;0.342138999625712;1.16084676959957;-0.610865233663755;1.40259245995367E-07;5;0
54.7000007629394;0.465011689720646;1.07481038710059;-0.610865235934896;-2.73699640729319E-07;5;0
54.7999992370606;0.587884524096068;0.988773898902926;-0.610865063352456;8.95716070203889E-08;5;0
54.9000015258789;0.710757360167439;0.902737413127325;-0.610865167658132;2.02508272195701E-06;5;0
55;0.833630204776644;0.816700939545014;-0.610865221295195;-4.07977131544612E-06;5;0
55.0999984741211;0.956502944075894;0.73066447144079;-0.610865540189614;2.24608083954081E-06;5;0
55.2000007629395;1.07937578671679;0.644627995047448;-0.610864149388248;2.92041968350532E-05;5;0
55.2999992370606;1.20224874053095;0.558591677425965;-0.610865220131722;-6.0550151829375E-05;5;0
55.4000015258789;1.32512115562895;0.472554746314374;-0.610871739072671;4.51904961664695E-05;5;0
55.5;1.44799412030892;0.386518522149039;-0.610848540762958;0.000420668075094;5;0
55.5999984741211;1.57086857963338;0.300484276680954;-0.610868401212564;-0.000895255187060684;5;0
55.7000007629395;1.69373608833329;0.214440611290222;-0.61095423190104;0.000823121517896652;5;0
55.7999992370606;1.81661238365789;0.12840887099486;-0.610610615188192;0.00605273572728038;5;0
55.9000015258789;1.93950706086852;0.0424020383203859;-0.61095423190104;-0.0131922559812665;5;0
